apple_label,view
1a.jpg,s
1b.jpg,s
3a.jpg,s
3b.jpg,t
3c.jpg,b
3d.jpg,s
3e.jpg,s
3f.jpg,s
3g.jpg,s
3h.jpg,s
3i.jpg,s
4a.jpg,s
4b.jpg,s
4c.jpg,s
4d.jpg,s
4e.jpg,s
4f.jpg,t
5a.jpg,s
5b.jpg,s
5c.jpg,s
5d.jpg,s
5e.jpg,s
5f.jpg,s
5g.jpg,s
5h.jpg,b
5i.jpg,t
6a.jpg,t
6b.jpg,b
6c.jpg,s
6d.jpg,s
6e.jpg,s
6f.jpg,s
6g.jpg,b
6h.jpg,t
7a.jpg,s
7b.jpg,s
7c.jpg,s
7d.jpg,s
7e.jpg,s
7f.jpg,s
7g.jpg,s
7h.jpg,t
7i.jpg,b
8a.jpg,b
8b.jpg,s
8c.jpg,s
8d.jpg,s
8e.jpg,s
8f.jpg,s
8g.jpg,s
8h.jpg,s
8i.jpg,t
8j.jpg,s
9a.jpg,s
9b.jpg,s
9c.jpg,s
9d.jpg,s
9e.jpg,s
9g.jpg,s
9h.jpg,b
9i.jpg,t
10a.jpg,s
10b.jpg,s
10c.jpg,s
10d.jpg,s
10e.jpg,s
10f.jpg,s
10g.jpg,b
10h.jpg,t
10i.jpg,s
11a.jpg,s
11b.jpg,s
11c.jpg,s
11d.jpg,s
11e.jpg,s
11f.jpg,s
11g.jpg,b
11h.jpg,t
12a.jpg,s
12b.jpg,s
12c.jpg,s
12d.jpg,s
12e.jpg,s
12f.jpg,s
12g.jpg,s
12h.jpg,b
12i.jpg,t
13a.jpg,s
13b.jpg,s
13c.jpg,s
13d.jpg,s
13e.jpg,s
13f.jpg,s
13g.jpg,s
13h.jpg,t
13i.jpg,b
14a.jpg,s
14b.jpg,s
14c.jpg,s
14d.jpg,s
14e.jpg,s
14f.jpg,s
14g.jpg,s
14h.jpg,b
14i.jpg,t
15a.jpg,s
15b.jpg,s
15c.jpg,s
15d.jpg,s
15e.jpg,s
15f.jpg,s
15g.jpg,b
15h.jpg,t
16a.jpg,s
16b.jpg,s
16c.jpg,s
16d.jpg,s
16e.jpg,s
16f.jpg,s
16g.jpg,s
16h.jpg,s
16i.jpg,s
16j.jpg,s
16k.jpg,t
16l.jpg,b
17a.jpg,s
17b.jpg,s
17c.jpg,s
17d.jpg,s
17e.jpg,s
17f.jpg,s
17g.jpg,s
17h.jpg,s
17i.jpg,t
17j.jpg,b
18a.jpg,t
18b.jpg,b
18c.jpg,s
18d.jpg,s
18e.jpg,s
18f.jpg,s
18g.jpg,s
18h.jpg,s
18i.jpg,t
18j.jpg,b
19a.jpg,s
19b.jpg,s
19c.jpg,s
19d.jpg,s
19e.jpg,s
19f.jpg,s
19g.jpg,s
19h.jpg,s
19i.jpg,b
19j.jpg,t
20a.jpg,s
20b.jpg,s
20c.jpg,s
20d.jpg,s
20e.jpg,s
20f.jpg,s
20g.jpg,s
20h.jpg,b
20i.jpg,t
20j.jpg,t
20k.jpg,b
21a.jpg,s
21b.jpg,s
21c.jpg,s
21d.jpg,s
21e.jpg,s
21f.jpg,s
21g.jpg,s
21h.jpg,s
21i.jpg,b
21j.jpg,t
21k.jpg,b
21l.jpg,s
21m.jpg,s
21n.jpg,s
21o.jpg,s
21p.jpg,s
21q.jpg,s
21r.jpg,s
21s.jpg,s
21t.jpg,s
21u.jpg,t
22a.jpg,s
22b.jpg,s
22c.jpg,s
22d.jpg,s
22e.jpg,s
22f.jpg,s
22g.jpg,s
22h.jpg,s
22i.jpg,s
22j.jpg,t
22k.jpg,b
23a.jpg,s
23b.jpg,s
23c.jpg,s
23d.jpg,s
23e.jpg,s
23f.jpg,s
23g.jpg,s
23h.jpg,t
23i.jpg,b
24a.jpg,s
24b.jpg,s
24c.jpg,s
24d.jpg,s
24e.jpg,s
24f.jpg,s
24g.jpg,s
24h.jpg,s
24i.jpg,b
24j.jpg,t
25a.jpg,s
25b.jpg,s
25c.jpg,s
25d.jpg,s
25e.jpg,s
25f.jpg,s
25g.jpg,s
25h.jpg,t
25i.jpg,b
26a.jpg,s
26b.jpg,s
26c.jpg,s
26d.jpg,s
26e.jpg,s
26f.jpg,s
26g.jpg,s
26h.jpg,s
26i.jpg,s
26j.jpg,t
26k.jpg,t
26l.jpg,b
26m.jpg,b
27a.jpg,s
27b.jpg,s
27c.jpg,s
27d.jpg,s
27e.jpg,s
27f.jpg,s
27g.jpg,s
27h.jpg,b
27i.jpg,t
28a.jpg,s
28b.jpg,s
28c.jpg,s
28d.jpg,s
28e.jpg,s
28f.jpg,s
28g.jpg,s
28h.jpg,b
28i.jpg,t
29a.jpg,s
29b.jpg,s
29c.jpg,s
29d.jpg,s
29e.jpg,s
29f.jpg,s
29g.jpg,s
29h.jpg,s
29i.jpg,b
29j.jpg,t
30a.jpg,b
30b.jpg,t
30c.jpg,s
30d.jpg,s
30e.jpg,s
30f.jpg,s
30g.jpg,s
30h.jpg,s
30i.jpg,s
30j.jpg,t
30k.jpg,b
31a.jpg,t
31b.jpg,b
31c.jpg,s
31d.jpg,s
31e.jpg,s
31f.jpg,s
31g.jpg,s
31h.jpg,s
31i.jpg,s
31j.jpg,t
31k.jpg,t
31l.jpg,b
32a.jpg,b
32b.jpg,t
32c.jpg,s
32d.jpg,s
32e.jpg,s
32f.jpg,s
32g.jpg,s
32h.jpg,s
32i.jpg,s
32j.jpg,b
32k.jpg,t
33a.jpg,s
33b.jpg,s
33c.jpg,s
33d.jpg,s
33e.jpg,s
33f.jpg,s
33g.jpg,t
33h.jpg,b
33i.jpg,b
34a.jpg,s
34b.jpg,s
34c.jpg,s
34d.jpg,s
34e.jpg,s
34f.jpg,s
34g.jpg,b
34h.jpg,t
35a.jpg,s
35b.jpg,s
35c.jpg,s
35d.jpg,s
35e.jpg,s
35f.jpg,s
35g.jpg,t
35h.jpg,b
36a.jpg,s
36b.jpg,s
36c.jpg,s
36d.jpg,s
36e.jpg,s
36f.jpg,s
36g.jpg,b
36h.jpg,t
37a.jpg,s
37b.jpg,s
37c.jpg,s
37d.jpg,s
37e.jpg,s
37f.jpg,s
37g.jpg,b
37h.jpg,t
38a.jpg,s
38b.jpg,s
38c.jpg,s
38d.jpg,s
38e.jpg,s
38f.jpg,s
38g.jpg,s
38h.jpg,b
38i.jpg,t
39a.jpg,s
39b.jpg,s
39c.jpg,s
39d.jpg,s
39e.jpg,s
39f.jpg,s
39g.jpg,t
39h.jpg,b
40a.jpg,s
40b.jpg,s
40c.jpg,s
40d.jpg,s
40e.jpg,s
40f.jpg,s
40g.jpg,t
40h.jpg,b
41a.jpg,s
41b.jpg,s
41c.jpg,s
41d.jpg,s
41e.jpg,s
41f.jpg,s
41g.jpg,b
41h.jpg,t
42a.jpg,s
42b.jpg,s
42c.jpg,s
42d.jpg,s
42e.jpg,s
42f.jpg,s
42g.jpg,s
42h.jpg,t
42i.jpg,b
43a.jpg,s
43b.jpg,s
43c.jpg,s
43d.jpg,s
43e.jpg,s
43f.jpg,s
43g.jpg,s
43h.jpg,b
43i.jpg,t
43j.jpg,b
44a.jpg,b
44b.jpg,t
44c.jpg,s
44d.jpg,s
44e.jpg,s
44f.jpg,s
44g.jpg,s
44h.jpg,s
44i.jpg,s
44j.jpg,t
44k.jpg,b
45a.jpg,s
45b.jpg,s
45c.jpg,s
45d.jpg,s
45e.jpg,s
45f.jpg,s
45g.jpg,b
45h.jpg,t
46a.jpg,s
46b.jpg,s
46c.jpg,s
46d.jpg,s
46e.jpg,s
46f.jpg,s
46g.jpg,s
46h.jpg,b
46i.jpg,t
47a.jpg,s
47b.jpg,s
47c.jpg,s
47d.jpg,s
47e.jpg,s
47f.jpg,s
47g.jpg,b
47h.jpg,t
48a.jpg,s
48b.jpg,s
48c.jpg,s
48d.jpg,s
48e.jpg,s
48f.jpg,s
48g.jpg,s
48h.jpg,t
48i.jpg,b
48j.jpg,b
49a.jpg,t
49b.jpg,b
49c.jpg,s
49d.jpg,s
49e.jpg,s
49f.jpg,s
49g.jpg,s
49h.jpg,s
49i.jpg,t
49j.jpg,b
50a.jpg,s
50b.jpg,s
50c.jpg,s
50d.jpg,s
50e.jpg,s
50f.jpg,s
50g.jpg,s
50h.jpg,b
50i.jpg,t
51a.jpg,s
51b.jpg,s
51c.jpg,s
51d.jpg,s
51e.jpg,s
51f.jpg,s
51g.jpg,s
51h.jpg,b
51i.jpg,t
52a.jpg,s
52b.jpg,s
52c.jpg,s
52d.jpg,s
52e.jpg,s
52f.jpg,s
52g.jpg,s
52h.jpg,s
52i.jpg,b
52j.jpg,t
53a.jpg,s
53b.jpg,s
53c.jpg,s
53d.jpg,s
53e.jpg,s
53f.jpg,s
53g.jpg,s
53h.jpg,b
53i.jpg,t
54a.jpg,s
54b.jpg,s
54c.jpg,s
54d.jpg,s
54e.jpg,s
54f.jpg,s
54g.jpg,s
54h.jpg,b
54i.jpg,t
55a.jpg,b
55b.jpg,t
55c.jpg,s
55d.jpg,s
55e.jpg,s
55f.jpg,s
55g.jpg,s
55h.jpg,s
55i.jpg,s
55j.jpg,s
55k.jpg,s
56a.jpg,s
56b.jpg,s
56c.jpg,s
56d.jpg,s
56e.jpg,s
56f.jpg,s
56g.jpg,s
56h.jpg,s
56i.jpg,b
56j.jpg,t
57a.jpg,s
57b.jpg,s
57c.jpg,s
57d.jpg,s
57e.jpg,s
57f.jpg,s
57g.jpg,s
57h.jpg,s
57i.jpg,b
57j.jpg,t
58a.jpg,s
58b.jpg,s
58c.jpg,s
58d.jpg,s
58e.jpg,s
58f.jpg,s
58g.jpg,s
58h.jpg,b
58i.jpg,t
59a.jpg,s
59b.jpg,s
59c.jpg,s
59d.jpg,s
59e.jpg,s
59f.jpg,s
59g.jpg,s
59h.jpg,s
59i.jpg,b
59j.jpg,t
60a.jpg,s
60b.jpg,s
60c.jpg,s
60d.jpg,s
60e.jpg,s
60f.jpg,s
60g.jpg,s
60h.jpg,s
60i.jpg,s
60j.jpg,b
60k.jpg,t
61a.jpg,b
61b.jpg,t
61c.jpg,s
61d.jpg,s
61e.jpg,s
61f.jpg,s
61g.jpg,s
61h.jpg,s
61i.jpg,s
61j.jpg,b
61k.jpg,t
61l.jpg,t
62a.jpg,s
62b.jpg,s
62c.jpg,s
62d.jpg,s
62e.jpg,s
62f.jpg,s
62g.jpg,s
62h.jpg,s
62i.jpg,s
62j.jpg,b
62k.jpg,t
63a.jpg,t
63b.jpg,s
63c.jpg,s
63d.jpg,s
63e.jpg,s
63f.jpg,s
63g.jpg,s
63h.jpg,s
63i.jpg,s
63j.jpg,s
63k.jpg,b
63l.jpg,t
64a.jpg,s
64b.jpg,s
64c.jpg,s
64d.jpg,s
64e.jpg,s
64f.jpg,s
64g.jpg,s
64h.jpg,b
64i.jpg,t
65a.jpg,b
65b.jpg,t
65c.jpg,s
65d.jpg,s
65e.jpg,s
65f.jpg,s
65g.jpg,s
65h.jpg,s
65i.jpg,t
65j.jpg,b
66a.jpg,b
66b.jpg,t
66c.jpg,s
66d.jpg,s
66e.jpg,s
66f.jpg,s
66g.jpg,s
66h.jpg,s
66i.jpg,b
66j.jpg,t
67a.jpg,s
67b.jpg,s
67c.jpg,s
67d.jpg,s
67e.jpg,s
67f.jpg,s
67g.jpg,s
67h.jpg,s
67i.jpg,b
67j.jpg,t
68a.jpg,s
68b.jpg,s
68c.jpg,s
68d.jpg,s
68e.jpg,s
68f.jpg,s
68g.jpg,s
68h.jpg,s
68i.jpg,t
68j.jpg,b
68k.jpg,t
69a.jpg,b
69b.jpg,t
69c.jpg,s
69d.jpg,s
69e.jpg,s
69f.jpg,s
69g.jpg,s
69h.jpg,s
69i.jpg,s
69j.jpg,s
69k.jpg,b
69l.jpg,t
70a.jpg,s
70b.jpg,s
70c.jpg,s
70d.jpg,s
70e.jpg,s
70f.jpg,s
70g.jpg,s
70h.jpg,b
70i.jpg,t
71a.jpg,t
71b.jpg,b
71c.jpg,s
71d.jpg,s
71e.jpg,s
71f.jpg,s
71g.jpg,s
71h.jpg,s
71i.jpg,b
71j.jpg,t
72a.jpg,s
72b.jpg,s
72c.jpg,s
72d.jpg,s
72e.jpg,s
72f.jpg,s
72g.jpg,s
72h.jpg,t
72i.jpg,b
72j.jpg,b
73a.jpg,s
73b.jpg,s
73c.jpg,s
73d.jpg,s
73e.jpg,s
73f.jpg,s
73g.jpg,s
73h.jpg,b
73i.jpg,t
74a.jpg,s
74b.jpg,s
74c.jpg,s
74d.jpg,s
74e.jpg,s
74f.jpg,s
74g.jpg,s
74h.jpg,s
74i.jpg,b
74j.jpg,t
74k.jpg,t
75a.jpg,s
75b.jpg,s
75c.jpg,s
75d.jpg,s
75e.jpg,s
75f.jpg,s
75g.jpg,s
75h.jpg,s
75i.jpg,b
75j.jpg,t
76a.jpg,s
76b.jpg,s
76c.jpg,s
76d.jpg,s
76e.jpg,s
76f.jpg,s
76g.jpg,s
76h.jpg,s
76i.jpg,b
76j.jpg,t
77a.jpg,s
77b.jpg,s
77c.jpg,s
77d.jpg,s
77e.jpg,s
77f.jpg,s
77g.jpg,b
77h.jpg,t
78a.jpg,s
78b.jpg,s
78c.jpg,s
78d.jpg,s
78e.jpg,s
78f.jpg,s
78f.jpg,s
78g.jpg,b
78h.jpg,t
78i.jpg,t
79a.jpg,t
79b.jpg,b
79c.jpg,s
79d.jpg,s
79e.jpg,s
79f.jpg,s
79g.jpg,s
79h.jpg,s
79i.jpg,b
79j.jpg,t
80a.jpg,s
80b.jpg,s
80c.jpg,s
80d.jpg,s
80e.jpg,s
80f.jpg,s
80g.jpg,b
80h.jpg,t
81a.jpg,b
81b.jpg,t
81c.jpg,s
81d.jpg,s
81e.jpg,s
81f.jpg,s
81g.jpg,s
81h.jpg,s
81i.jpg,s
81j.jpg,s
81k.jpg,b
81l.jpg,t
82a.jpg,s
82b.jpg,s
82c.jpg,s
82d.jpg,s
82e.jpg,s
82f.jpg,s
82g.jpg,s
82h.jpg,s
82i.jpg,b
82j.jpg,t
82k.jpg,t
83a.jpg,t
83b.jpg,b
83c.jpg,s
83d.jpg,s
83e.jpg,s
83f.jpg,s
83g.jpg,s
83h.jpg,s
83i.jpg,s
83j.jpg,s
83k.jpg,b
83l.jpg,t
84a.jpg,s
84b.jpg,s
84c.jpg,s
84d.jpg,s
84e.jpg,s
84f.jpg,s
84g.jpg,s
84h.jpg,b
84i.jpg,t
85a.jpg,s
85b.jpg,s
85c.jpg,s
85d.jpg,s
85e.jpg,s
85f.jpg,s
85g.jpg,s
85h.jpg,b
85i.jpg,t
86a.jpg,s
86b.jpg,s
86c.jpg,s
86d.jpg,s
86e.jpg,s
86f.jpg,s
86g.jpg,s
86h.jpg,s
86i.jpg,s
86j.jpg,b
86k.jpg,t
87a.jpg,t
87b.jpg,b
87c.jpg,s
87d.jpg,s
87e.jpg,s
87f.jpg,s
87g.jpg,s
87h.jpg,s
87i.jpg,s
87j.jpg,b
87k.jpg,t
88a.jpg,t
88b.jpg,b
88c.jpg,s
88d.jpg,s
88e.jpg,s
88f.jpg,s
88g.jpg,s
88h.jpg,s
88i.jpg,s
88j.jpg,s
88k.jpg,b
88l.jpg,t
89a.jpg,s
89b.jpg,s
89c.jpg,s
89d.jpg,s
89e.jpg,s
89f.jpg,s
89g.jpg,s
89h.jpg,b
89i.jpg,t
90a.jpg,s
90b.jpg,s
90c.jpg,s
90d.jpg,s
90e.jpg,s
90f.jpg,s
90g.jpg,s
90h.jpg,b
90i.jpg,t
91a.jpg,s
91b.jpg,s
91c.jpg,s
91d.jpg,s
91e.jpg,s
91f.jpg,s
91g.jpg,s
91h.jpg,b
91i.jpg,t
92a.jpg,s
92b.jpg,s
92c.jpg,s
92d.jpg,s
92e.jpg,s
92f.jpg,s
92g.jpg,s
92h.jpg,b
92i.jpg,t
93a.jpg,s
93b.jpg,s
93c.jpg,s
93d.jpg,s
93e.jpg,s
93f.jpg,s
93g.jpg,s
93h.jpg,t
93i.jpg,b
94a.jpg,s
94b.jpg,s
94c.jpg,s
94d.jpg,s
94e.jpg,s
94f.jpg,s
94g.jpg,s
94h.jpg,s
94i.jpg,b
94j.jpg,t
95a.jpg,s
95b.jpg,s
95c.jpg,s
95d.jpg,s
95e.jpg,s
95f.jpg,s
95g.jpg,b
95h.jpg,t
96a.jpg,s
96b.jpg,s
96c.jpg,s
96d.jpg,s
96e.jpg,s
96f.jpg,s
96g.jpg,s
96h.jpg,s
96i.jpg,b
96j.jpg,t
97a.jpg,s
97b.jpg,s
97c.jpg,s
97d.jpg,s
97e.jpg,s
97f.jpg,s
97g.jpg,t
97h.jpg,b
98a.jpg,s
98b.jpg,s
98c.jpg,s
98d.jpg,s
98e.jpg,s
98f.jpg,s
98g.jpg,s
98h.jpg,s
98i.jpg,b
98j.jpg,t
99a.jpg,s
99b.jpg,s
99c.jpg,s
99d.jpg,s
99e.jpg,s
99f.jpg,s
99g.jpg,s
99h.jpg,s
99i.jpg,b
99j.jpg,t
99k.jpg,t
100a.jpg,s
100b.jpg,s
100c.jpg,s
100d.jpg,s
100e.jpg,s
100f.jpg,s
100g.jpg,s
100h.jpg,s
100i.jpg,b
100j.jpg,t
101a.jpg,
101b.jpg,
101c.jpg,
101d.jpg,
101e.jpg,
101f.jpg,
101g.jpg,
101h.jpg,
101i.jpg,
101j.jpg,1
101k.jpg,7
102a.jpg,5
102b.jpg,2
102c.jpg,
102d.jpg,4
102e.jpg,
102f.jpg,4
102g.jpg,1
102h.jpg,1
102i.jpg,4
102j.jpg,4
102k.jpg,2
102l.jpg,2
103a.jpg,
103b.jpg,8
103c.jpg,7
103d.jpg,6
103e.jpg,4
103f.jpg,9
103g.jpg,2
103h.jpg,3
104a.jpg,7
104b.jpg,5
104c.jpg,9
104d.jpg,
104e.jpg,8
104f.jpg,4
104g.jpg,9
104h.jpg,4
104i.jpg,7
104j.jpg,8
104k.jpg,7
105a.jpg,8
105b.jpg,6
105c.jpg,7
105d.jpg,4
105e.jpg,
105f.jpg,8
105g.jpg,1
105h.jpg,3
105i.jpg,7
105j.jpg,8
106a.jpg,9
106b.jpg,6
106c.jpg,3
106d.jpg,
106e.jpg,
106f.jpg,
106g.jpg,5
106h.jpg,
106i.jpg,7
106j.jpg,7
106k.jpg,6
106l.jpg,3
107a.jpg,1
107b.jpg,2
107c.jpg,1
107d.jpg,8
107e.jpg,
107f.jpg,
107g.jpg,3
107h.jpg,1
107i.jpg,
107j.jpg,6
107k.jpg,1
108a.jpg,5
108b.jpg,8
108c.jpg,9
108d.jpg,3
108e.jpg,6
108f.jpg,2
108g.jpg,4
108h.jpg,3
108i.jpg,
108j.jpg,8
109a.jpg,5
109b.jpg,9
109c.jpg,1
109d.jpg,7
109e.jpg,1
109f.jpg,
109g.jpg,7
109h.jpg,2
109i.jpg,
110a.jpg,7
110b.jpg,
110c.jpg,9
110d.jpg,6
110e.jpg,2
110f.jpg,4
110g.jpg,7
110h.jpg,3
110i.jpg,5
110j.jpg,5
111a.jpg,6
111b.jpg,9
111c.jpg,2
111d.jpg,2
111e.jpg,3
111f.jpg,2
111g.jpg,2
111h.jpg,2
111i.jpg,6
111j.jpg,9
112a.jpg,8
112b.jpg,6
112c.jpg,8
112d.jpg,1
112e.jpg,4
112f.jpg,5
112g.jpg,3
112h.jpg,7
112i.jpg,7
112j.jpg,8
113a.jpg,3
113b.jpg,2
113c.jpg,7
113d.jpg,
113e.jpg,3
113f.jpg,1
113g.jpg,5
113h.jpg,5
113i.jpg,7
113j.jpg,
114a.jpg,8
114b.jpg,8
114c.jpg,8
114d.jpg,9
114e.jpg,4
114f.jpg,9
114g.jpg,8
114h.jpg,5
114i.jpg,5
114j.jpg,8
115a.jpg,9
115b.jpg,
115c.jpg,4
115d.jpg,6
115e.jpg,
115f.jpg,
115g.jpg,5
115h.jpg,9
115i.jpg,
115j.jpg,2
115k.jpg,1
116a.jpg,9
116b.jpg,9
116c.jpg,6
116d.jpg,4
116e.jpg,
116f.jpg,9
116g.jpg,3
116h.jpg,3
116i.jpg,2
116j.jpg,6
117a.jpg,3
117b.jpg,2
117c.jpg,1
117d.jpg,6
117e.jpg,4
117f.jpg,7
117g.jpg,4
117h.jpg,1
117i.jpg,3
118a.jpg,4
118b.jpg,9
118c.jpg,2
118d.jpg,2
118e.jpg,
118f.jpg,5
118g.jpg,8
118h.jpg,
118i.jpg,
118j.jpg,3
118k.jpg,3
119a.jpg,3
119b.jpg,7
119c.jpg,9
119d.jpg,1
119e.jpg,8
119f.jpg,4
119g.jpg,
119h.jpg,8
119i.jpg,9
119j.jpg,6
119k.jpg,2
119l.jpg,6
119m.jpg,6
119n.jpg,9
119o.jpg,5
120a.jpg,8
120b.jpg,4
120c.jpg,8
120d.jpg,6
120e.jpg,2
120f.jpg,3
120g.jpg,6
120h.jpg,6
120i.jpg,6
120j.jpg,9
120k.jpg,
120l.jpg,5
121a.jpg,4
121b.jpg,4
121c.jpg,2
121d.jpg,3
121e.jpg,6
121f.jpg,7
121g.jpg,9
121h.jpg,7
121i.jpg,3
121j.jpg,6
121k.jpg,
121l.jpg,8
122a.jpg,4
122b.jpg,1
122c.jpg,4
122d.jpg,3
122e.jpg,2
122f.jpg,9
122g.jpg,4
122h.jpg,8
122i.jpg,9
123a.jpg,8
123b.jpg,2
123c.jpg,4
123d.jpg,8
123e.jpg,6
123f.jpg,5
123g.jpg,9
123h.jpg,2
123i.jpg,5
124a.jpg,9
124b.jpg,9
124c.jpg,3
124d.jpg,2
124e.jpg,8
124f.jpg,1
124g.jpg,4
124h.jpg,3
124i.jpg,
124j.jpg,4
125a.jpg,7
125b.jpg,4
125c.jpg,9
125d.jpg,2
125e.jpg,9
125f.jpg,2
125g.jpg,2
125h.jpg,9
125i.jpg,
125j.jpg,9
125k.jpg,7
126a.jpg,7
126b.jpg,1
126c.jpg,1
126d.jpg,4
126e.jpg,3
126f.jpg,9
126g.jpg,8
126h.jpg,6
126i.jpg,4
126j.jpg,9
127a.jpg,4
127b.jpg,1
127c.jpg,7
127d.jpg,4
127e.jpg,3
127f.jpg,2
127g.jpg,2
127h.jpg,1
127i.jpg,4
127j.jpg,
127k.jpg,6
128a.jpg,8
128b.jpg,5
128c.jpg,2
128d.jpg,7
128e.jpg,1
128f.jpg,5
128g.jpg,
128h.jpg,6
129a.jpg,1
129b.jpg,5
129c.jpg,6
129d.jpg,2
129e.jpg,1
129f.jpg,8
129g.jpg,8
129h.jpg,1
129i.jpg,3
129j.jpg,6
129k.jpg,7
130a.jpg,7
130b.jpg,1
130c.jpg,
130d.jpg,1
130e.jpg,3
130f.jpg,7
130g.jpg,6
130h.jpg,1
130i.jpg,7
131a.jpg,5
131b.jpg,5
131c.jpg,9
131d.jpg,3
131e.jpg,9
131f.jpg,2
131g.jpg,6
131h.jpg,3
131i.jpg,3
131j.jpg,7
131k.jpg,7
132a.jpg,2
132b.jpg,6
132c.jpg,9
132d.jpg,2
132e.jpg,
132f.jpg,1
132g.jpg,1
132h.jpg,1
132i.jpg,3
133a.jpg,8
133b.jpg,
133c.jpg,3
133d.jpg,1
133e.jpg,
133f.jpg,
133g.jpg,5
133h.jpg,4
133i.jpg,2
133j.jpg,2
133k.jpg,6
134a.jpg,2
134b.jpg,2
134c.jpg,4
134d.jpg,
134e.jpg,2
134f.jpg,3
134g.jpg,5
134h.jpg,2
134i.jpg,8
135a.jpg,1
135b.jpg,2
135c.jpg,
135d.jpg,9
135e.jpg,5
135f.jpg,3
135g.jpg,2
135h.jpg,
135i.jpg,8
135j.jpg,1
136a.jpg,1
136b.jpg,
136c.jpg,5
136d.jpg,6
136e.jpg,1
136f.jpg,7
136g.jpg,7
136h.jpg,6
136i.jpg,
136j.jpg,7
137a.jpg,3
137b.jpg,4
137c.jpg,4
137d.jpg,2
137e.jpg,
137f.jpg,1
137g.jpg,6
137h.jpg,3
137i.jpg,2
137j.jpg,3
138a.jpg,2
138b.jpg,7
138c.jpg,
138d.jpg,2
138e.jpg,2
138f.jpg,6
138g.jpg,5
138h.jpg,5
138i.jpg,3
139a.jpg,7
139b.jpg,5
139c.jpg,1
139d.jpg,
139e.jpg,7
139f.jpg,4
139g.jpg,7
139h.jpg,6
139i.jpg,1
139j.jpg,1
139k.jpg,9
140a.jpg,3
140b.jpg,4
140c.jpg,5
140d.jpg,9
140e.jpg,8
140f.jpg,7
140g.jpg,7
140h.jpg,3
140i.jpg,8
140j.jpg,
140k.jpg,7
141a.jpg,2
141b.jpg,9
141c.jpg,6
141d.jpg,7
141e.jpg,1
141f.jpg,5
141g.jpg,7
141h.jpg,1
141i.jpg,5
141j.jpg,1
141k.jpg,6
141l.jpg,7
141m.jpg,7
141n.jpg,2
142a.jpg,9
142b.jpg,
142c.jpg,9
142d.jpg,6
142e.jpg,3
142f.jpg,5
142g.jpg,3
142h.jpg,5
142i.jpg,
143a.jpg,4
143b.jpg,1
143c.jpg,7
143d.jpg,7
143e.jpg,5
143f.jpg,9
143g.jpg,5
143h.jpg,1
143i.jpg,8
143j.jpg,9
143k.jpg,8
143l.jpg,7
144a.jpg,4
144b.jpg,6
144c.jpg,4
144d.jpg,
144e.jpg,7
144f.jpg,6
144g.jpg,6
144h.jpg,3
145a.jpg,1
145b.jpg,2
145c.jpg,4
145d.jpg,8
145e.jpg,9
145f.jpg,2
145g.jpg,3
145h.jpg,3
145i.jpg,4
145j.jpg,2
146a.jpg,4
146b.jpg,9
146c.jpg,3
146d.jpg,2
146e.jpg,5
146f.jpg,5
146g.jpg,8
146h.jpg,9
146i.jpg,7
147a.jpg,3
147b.jpg,4
147c.jpg,6
147d.jpg,6
147e.jpg,8
147f.jpg,9
147g.jpg,4
147h.jpg,2
147i.jpg,4
148a.jpg,1
148b.jpg,6
148c.jpg,1
148d.jpg,3
148e.jpg,8
148f.jpg,8
148g.jpg,6
148h.jpg,7
148i.jpg,4
149a.jpg,2
149b.jpg,4
149c.jpg,4
149d.jpg,6
149e.jpg,9
149f.jpg,3
149g.jpg,5
149h.jpg,8
149i.jpg,4
149j.jpg,
150a.jpg,4
150b.jpg,8
150c.jpg,8
150d.jpg,6
150e.jpg,
150f.jpg,5
150g.jpg,7
150h.jpg,
150i.jpg,
150j.jpg,
151a.jpg,1
151b.jpg,7
151c.jpg,4
151d.jpg,9
151e.jpg,3
151f.jpg,3
151g.jpg,6
151h.jpg,2
151i.jpg,5
151j.jpg,7
151k.jpg,5
152a.jpg,6
152b.jpg,4
152c.jpg,3
152d.jpg,1
152e.jpg,5
152f.jpg,7
152g.jpg,8
152h.jpg,7
152i.jpg,6
152j.jpg,
153a.jpg,4
153b.jpg,6
153c.jpg,1
153d.jpg,1
153e.jpg,9
153f.jpg,3
153g.jpg,3
153h.jpg,
153i.jpg,6
154a.jpg,7
154b.jpg,6
154c.jpg,6
154d.jpg,2
154e.jpg,7
154f.jpg,8
154g.jpg,3
154h.jpg,8
154i.jpg,6
154j.jpg,7
155a.jpg,7
155b.jpg,2
155c.jpg,4
155d.jpg,4
155e.jpg,8
155f.jpg,2
155g.jpg,2
155h.jpg,
155i.jpg,2
155j.jpg,3
155k.jpg,8
156a.jpg,4
156b.jpg,3
156c.jpg,2
156d.jpg,4
156e.jpg,8
156f.jpg,5
156g.jpg,3
156h.jpg,7
156i.jpg,4
156j.jpg,
157a.jpg,4
157b.jpg,4
157c.jpg,2
157d.jpg,1
157e.jpg,8
157f.jpg,5
157g.jpg,5
157h.jpg,1
157i.jpg,6
157j.jpg,9
158a.jpg,6
158b.jpg,5
158c.jpg,8
158d.jpg,9
158e.jpg,6
158f.jpg,
158g.jpg,8
158h.jpg,
158i.jpg,6
159a.jpg,7
159b.jpg,
159c.jpg,9
159d.jpg,5
159e.jpg,
159f.jpg,1
159g.jpg,4
159h.jpg,6
159i.jpg,2
160a.jpg,7
160b.jpg,2
160c.jpg,1
160d.jpg,6
160e.jpg,4
160f.jpg,3
160g.jpg,4
160h.jpg,
160i.jpg,5
161a.jpg,9
161b.jpg,1
161c.jpg,2
161d.jpg,9
161e.jpg,7
161f.jpg,5
161g.jpg,2
161h.jpg,7
161i.jpg,1
161j.jpg,
161k.jpg,3
162a.jpg,9
162b.jpg,9
162c.jpg,3
162d.jpg,3
162e.jpg,9
162f.jpg,1
162g.jpg,6
162h.jpg,7
162i.jpg,9
162j.jpg,3
163a.jpg,5
163b.jpg,3
163c.jpg,6
163d.jpg,
163e.jpg,1
163f.jpg,4
163g.jpg,9
163h.jpg,5
163i.jpg,
164a.jpg,9
164b.jpg,8
164c.jpg,9
164d.jpg,5
164e.jpg,9
164f.jpg,4
164g.jpg,
164h.jpg,9
164i.jpg,3
164j.jpg,7
165a.jpg,4
165b.jpg,7
165c.jpg,2
165d.jpg,2
165e.jpg,2
165f.jpg,3
165g.jpg,8
165h.jpg,
165i.jpg,7
165j.jpg,4
166a.jpg,6
166b.jpg,4
166c.jpg,5
166d.jpg,4
166e.jpg,2
166f.jpg,5
166g.jpg,9
166h.jpg,5
166i.jpg,4
166j.jpg,5
166k.jpg,4
167a.jpg,2
167b.jpg,4
167c.jpg,1
167d.jpg,1
167e.jpg,7
167f.jpg,5
167g.jpg,7
167h.jpg,1
167i.jpg,4
167j.jpg,7
167k.jpg,8
168a.jpg,6
168b.jpg,4
168c.jpg,6
168d.jpg,
168e.jpg,7
168f.jpg,1
168g.jpg,7
168h.jpg,4
168i.jpg,4
168j.jpg,6
169a.jpg,7
169b.jpg,1
169c.jpg,5
169d.jpg,4
169e.jpg,8
169f.jpg,9
169g.jpg,2
169h.jpg,4
169i.jpg,1
169j.jpg,8
169k.jpg,3
169l.jpg,4
170a.jpg,6
170b.jpg,9
170c.jpg,9
170d.jpg,9
170e.jpg,4
170f.jpg,5
170g.jpg,8
170h.jpg,3
170i.jpg,6
171a.jpg,
171b.jpg,4
171c.jpg,
171d.jpg,
171e.jpg,3
171f.jpg,3
171g.jpg,2
171h.jpg,7
171i.jpg,2
172a.jpg,8
172b.jpg,5
172c.jpg,5
172d.jpg,7
172e.jpg,4
172f.jpg,8
172g.jpg,8
172h.jpg,
172i.jpg,9
173a.jpg,5
173b.jpg,
173c.jpg,1
173d.jpg,
173e.jpg,8
173f.jpg,3
173g.jpg,8
173h.jpg,
174a.jpg,4
174b.jpg,9
174c.jpg,1
174d.jpg,7
174e.jpg,6
174f.jpg,2
174g.jpg,6
174h.jpg,8
174i.jpg,1
175a.jpg,2
175b.jpg,6
175c.jpg,2
175d.jpg,
175e.jpg,
175f.jpg,8
175g.jpg,9
175h.jpg,8
175i.jpg,8
175j.jpg,2
176a.jpg,8
176b.jpg,4
176c.jpg,1
176d.jpg,1
176e.jpg,4
176f.jpg,8
176g.jpg,4
176h.jpg,1
176i.jpg,
176j.jpg,3
177a.jpg,1
177b.jpg,6
177c.jpg,8
177d.jpg,5
177e.jpg,4
177f.jpg,7
177g.jpg,1
177h.jpg,8
177i.jpg,8
177j.jpg,4
177k.jpg,9
177l.jpg,
177m.jpg,
178a.jpg,4
178b.jpg,9
178c.jpg,3
178d.jpg,2
178e.jpg,6
178f.jpg,3
178g.jpg,2
178h.jpg,3
178i.jpg,4
178j.jpg,7
179a.jpg,5
179b.jpg,8
179c.jpg,4
179d.jpg,6
179e.jpg,8
179f.jpg,1
179g.jpg,8
179h.jpg,
179i.jpg,7
179j.jpg,4
180a.jpg,7
180b.jpg,7
180c.jpg,3
180d.jpg,
180e.jpg,1
180f.jpg,
180g.jpg,1
180h.jpg,3
180i.jpg,9
181a.jpg,4
181b.jpg,9
181c.jpg,9
181d.jpg,5
181e.jpg,6
181f.jpg,3
181g.jpg,8
181h.jpg,9
181i.jpg,3
181j.jpg,
181k.jpg,1
181l.jpg,4
181m.jpg,4
182a.jpg,1
182b.jpg,6
182c.jpg,6
182d.jpg,5
182e.jpg,5
182f.jpg,9
182g.jpg,3
182h.jpg,3
182i.jpg,6
183a.jpg,8
183b.jpg,1
183c.jpg,1
183d.jpg,4
183e.jpg,9
183f.jpg,
183g.jpg,7
183h.jpg,1
183i.jpg,8
183j.jpg,5
183k.jpg,2
184a.jpg,8
184b.jpg,3
184c.jpg,
184d.jpg,2
184e.jpg,1
184f.jpg,5
184g.jpg,1
184h.jpg,3
184i.jpg,7
184j.jpg,9
185a.jpg,2
185b.jpg,7
185c.jpg,2
185d.jpg,
185e.jpg,2
185f.jpg,8
185g.jpg,5
185h.jpg,3
185i.jpg,4
186a.jpg,3
186b.jpg,9
186c.jpg,3
186d.jpg,3
186e.jpg,1
186f.jpg,1
186g.jpg,2
186h.jpg,
186i.jpg,9
186j.jpg,1
186k.jpg,6
187a.jpg,5
187b.jpg,4
187c.jpg,3
187d.jpg,5
187e.jpg,2
187f.jpg,4
187g.jpg,2
187h.jpg,4
188a.jpg,3
188b.jpg,9
188c.jpg,1
188d.jpg,9
188e.jpg,
188f.jpg,3
188g.jpg,9
188h.jpg,1
188i.jpg,3
188j.jpg,5
188k.jpg,
188l.jpg,3
189a.jpg,2
189b.jpg,8
189c.jpg,3
189d.jpg,4
189e.jpg,
189f.jpg,8
189g.jpg,6
189h.jpg,5
189i.jpg,
189j.jpg,1
189k.jpg,6
190a.jpg,4
190b.jpg,5
190c.jpg,6
190d.jpg,9
190e.jpg,1
190f.jpg,9
190g.jpg,1
190h.jpg,8
190i.jpg,1
190j.jpg,3
191a.jpg,6
191b.jpg,1
191c.jpg,7
191d.jpg,8
191e.jpg,9
191f.jpg,8
191g.jpg,8
191h.jpg,1
191i.jpg,2
191j.jpg,
192a.jpg,6
192b.jpg,7
192c.jpg,8
192d.jpg,2
192e.jpg,8
192f.jpg,9
192g.jpg,7
192h.jpg,1
192i.jpg,3
192j.jpg,7
192k.jpg,1
193a.jpg,6
193b.jpg,8
193c.jpg,9
193d.jpg,6
193e.jpg,4
193f.jpg,
193g.jpg,
193h.jpg,6
193i.jpg,6
194a.jpg,2
194b.jpg,8
194c.jpg,
194d.jpg,8
194e.jpg,3
194f.jpg,6
194g.jpg,4
194h.jpg,4
194i.jpg,4
195a.jpg,6
195b.jpg,5
195c.jpg,2
195d.jpg,7
195e.jpg,9
195f.jpg,6
195g.jpg,9
195h.jpg,7
195i.jpg,5
195j.jpg,7
196a.jpg,
196b.jpg,9
196c.jpg,1
196d.jpg,7
196e.jpg,
196f.jpg,
196g.jpg,3
196h.jpg,4
196i.jpg,5
197a.jpg,5
197b.jpg,1
197c.jpg,5
197d.jpg,9
197e.jpg,2
197f.jpg,7
197g.jpg,3
197h.jpg,1
197i.jpg,3
197j.jpg,7
198a.jpg,1
198b.jpg,5
198c.jpg,7
198d.jpg,6
198e.jpg,4
198f.jpg,6
198g.jpg,8
198h.jpg,6
198i.jpg,8
199a.jpg,9
199b.jpg,9
199c.jpg,5
199d.jpg,5
199e.jpg,1
199f.jpg,8
199g.jpg,4
199h.jpg,7
199i.jpg,2
199j.jpg,3
199k.jpg,9
200a.jpg,
200b.jpg,5
200c.jpg,4
200d.jpg,1
200e.jpg,1
200f.jpg,4
200g.jpg,
200h.jpg,1
200i.jpg,
200j.jpg,9
200k.jpg,7
