image_name,image_id
1a.jpg,1NL3oIljLGFbkGZa7BqTvPznTuUqGjEbj
1b.jpg,1D4nzD-_A1yqyebaVySyqKhsB9eFj53I_
3a.jpg,11FOlxo-C1NdDt0kATWu_S7dept-v4HwZ
3b.jpg,19EbzQqUfNvG5akf3Kyyan_6L8whoJOzu
3c.jpg,1QH3G-nbxHYKzvTAHoLoMHMeTw3QXS5cP
3d.jpg,1GJ_-VEkMySOv2CxhRpwr568cJ7o1vHoc
3e.jpg,1yWqam7PbAO8F3J-r8oBD09bTE9AuqHrw
3f.jpg,1RVpL1-eUnaGevfiAnhtcgemTLxZV_rJ8
3g.jpg,1SIZbLF0VTljg904dn641Eqptt3p9EHaF
3h.jpg,1zvls0HcqaYHo1JUsku20uD44ksROtNlk
3i.jpg,18pP476qFvUXhD8opQTSrPbyA2neZTGM3
4a.jpg,1mO9bFbMZPCAYdaaJ9jMTIz6vkv38_IHI
4b.jpg,1-C8bNRAHfHfmViIF6_X7iiR9H2Mw7wNd
4c.jpg,1DLDWgpxUS-YapzSZWBrsrv-p69uBXBJ4
4d.jpg,1zW0_cFyhUo3bkehdoXwtxV2gFH65e94r
4e.jpg,1LB0iNKjHDVrt6y19TZ1Ead7qw-NktPwP
4f.jpg,19mhGjyRzpAUoK-urFolUXABZdQK4j4iC
5a.jpg,1fsBAT4mKVxFWHvMwex6QlNz69roOaR5q
5b.jpg,1KylGUuK0LL0sUY3IfE2rQYU1Ay4yinWE
5c.jpg,1NjDYerYOGCw_pbYPeZJkx-P7zXUuboQK
5d.jpg,14U8p8gZy38FfIRnbIHCIzstz-Lk33WDm
5e.jpg,1K8IapFrBBwCnc1yLUk963cMHvVkAzDA9
5f.jpg,1by4FapH1Q0nV14zz_tHgJOqXgzQCPCIq
5g.jpg,13vEZ9PTHSy3rzIdjXKzsegdItcwLcqzx
5h.jpg,18T6aEpkVWscCyR7BdqgoAdKTPcSaZuvh
5i.jpg,13TlYP5oKnoJGRNp4ZxhE06qsUZRvycZy
6a.jpg,1-1lwz6qi9VHF9HyyCqJMmWMHZajUjqE1
6b.jpg,1H1pFFZI-P-ayxeDGYN8aO6m7W9YGQW0J
6c.jpg,1whooNxTXU4ZKfH0bLHIKXD_BehSnn5_V
6d.jpg,1QnKKSfjExBSILzwlicLJzm6tebl88VQZ
6e.jpg,18qRNPnbd2f2pFGqAs0kXNPxubLZZRiXF
6f.jpg,1VxV90QJAek2ttIfwwrOuLQ4bSOKC7TVN
6g.jpg,1ixRRBWo1ECzqz5k1_WCTjYOCVbDngM84
6h.jpg,1DUL1B4dh3dx6yzOQkxTfp1rvZoNWN258
7a.jpg,19tPzO1cyM3Zdgr6SHZdpXCTUnEWvDutY
7b.jpg,1HBu7T6XCCOCHhH8FpS45tL4ooRQvkZ3m
7c.jpg,1rbCzghIFKyBT2zbqpvBosg34kocSiXSe
7d.jpg,1aGmnhoUJ6Nx9v5SYYt-enK89PPa15UsQ
7e.jpg,15W0_rjMs8pCigRdbdmlb48f9jcetJ9ms
7f.jpg,1ufIJ4dSeLPFGLXqcHmhTWGmt-ijNrW3h
7g.jpg,1bgTzjwNNHRk8SG0F499L6y_fi2B8Rsjt
7h.jpg,1Zb2oeQQ2GbDaTrQCh8QHW8NMvs4f9ljq
7i.jpg,1HlWzoAHlnh-dCZAz24NFigJluSHQoEjr
8a.jpg,1pfKvOYRvdIi4hYZgIjY9VQUOH1FaT6G6
8b.jpg,1Mc_LJVXHsPbj-rleVUQnZzVXk1CvsjE8
8c.jpg,10NMTcgHzIxfLoMBPHdemE8ltY5wjMmei
8d.jpg,19BYqMLUOZdfGylfcEOxNJQi6eiSMDfR-
8e.jpg,13-M9kUdgwptTOvATy9sdtsiAkIMvZdxb
8f.jpg,1f9xavrxU2ufH8Xv3UHRn4Y63rqcIHo5o
8g.jpg,1rV0TZ_1BpS4e5ofTZJH7prqpZTFSvwIm
8h.jpg,1hzuDRtFBPowvHwRGakghagFoiq6UD31p
8i.jpg,1Ik1e6ykekmKHoMULXVOrw4BPwPk0e38k
8j.jpg,1JnnqXnDxVCJtVAFue2i3QKauVgJk6gMV
9a.jpg,1z-ZtEqr_Wc_inalb_92F2flUt6M5n6Tv
9b.jpg,1IhNrjYS1UjvXtyR3fNwmZtliDsQTLIAv
9c.jpg,1_UsIBqPIzZi0UYWmZ4XXSzJOTRSGEv00
9d.jpg,1QWVttbdQbCVBlPqi8MpVNa2gDqXvs8ph
9e.jpg,1fq5SmWrO_D4rBUufIoxWa3hJAlNNvF0E
9f.jpg,1zP9bRnrcJ9sZbr2erAirUc0YHvX-t6V5
9g.jpg,1E7xludKomQiu4JagFw11E5B0_vdpXKXo
9h.jpg,1LeIzEoU4DL0ScT5J0uCStmHdG8dPosSk
9i.jpg,1h7Bay3dY-B9cuh42_ckN7bByLgsR9j1E
10a.jpg,1lB7S-XG95jbenot_HlVj6P4use5xe1Ox
10b.jpg,135ikb5tn_LLhJ7RNWdP8D057v4_j64CU
10c.jpg,1MaYymDJxAgQzxGCPzDr5GURqiQK8RjzH
10d.jpg,1uXcJlXpwda0dJqtK96WYYfDg6Bb_kFa5
10e.jpg,1ltHDLC-fioKPmSCyBeG8lHJ2YB5SYGYM
10f.jpg,1LdbagHfd1P581pYwst6AHf91LOqaoGrs
10g.jpg,13HWAFnbIopk_rDu2UyEYVWxooEN01cm1
10h.jpg,1zbrcwdhPEZQN_nDjdjeqKvHv0sL6n0FG
10i.jpg,1HT_EPM60f27n5GFDACkALlhoGaj5K2Er
11a.jpg,1ydVXN4CDnEEl7e1D5Zm7211M2ZBPb_s0
11b.jpg,1Cv4hPKoh8VSWTmDMyMfBlv4lAcnga01L
11c.jpg,1yCrtfidqsHoKBrJqWY_TsVueZu29em0Y
11d.jpg,1vlWpyXFmsczqKjPZc4l3oQoiqcazfr2V
11e.jpg,1ifIy4wxYfAd1CxrE2UMkzPLco5d-w4Mv
11f.jpg,1c19R6eH2P56uCVL1qXU3XhK2BCK0sa6l
11g.jpg,1qAcE7asXFoVCqfnFr3ytjXbvJNi8_mkQ
11h.jpg,1azXdjB1BkxX9P86eVPT7fC1GCUMw3QEz
12a.jpg,1CJrqof6xVKff8S3gzh1cDGN-0k2ZtxmE
12b.jpg,1k_vC3s4GYif1o3K6VsqxvJbxrSSAu7hn
12c.jpg,19qU7IYOadUTg9l-w6f_0VG5tQIxxpwSo
12d.jpg,1YwyTZW1ro7JHfngAbcPU_UqHAUDTeIrQ
12e.jpg,1JR8dp1BojO3SL-GZccUukp8u8dXK-crv
12f.jpg,1FrQJ-4RKILMlhqoDp3hZSdKOT1aGY8N7
12g.jpg,1HZtd-8LTNS7cBif4csFZhBx7N0TA5Uqr
12h.jpg,1wfSWWnO6wwF4n_Nwt2qyXLY6zWHL2EWh
12i.jpg,1UjdyjB9wp0LIdecIvQjq4KYH3WjUT2oS
13a.jpg,1SYB8_i6VRtpOWrv_b0p50sKWvUTfv6SI
13b.jpg,1uo8D1lUysAqZ0TkHcYzFkWmjKqbW5KAo
13c.jpg,1cplq03WhcrbtzhvNe03A9LU0jJ2QCiPG
13d.jpg,1E2biyazN4B0SxOFkH-2FIkxRyc5e7oOb
13e.jpg,1xmx_iVlmODR3Dc8cf9lna0JNznf6k4-P
13f.jpg,1LzT47-UGxhLo0P5761U2mEe2vc7I3eZi
13g.jpg,1yjAnezzI3DqiNIWzqnq8khk1phtBjN-8
13h.jpg,1GM5SZDl--neteLGJRvw51ieGNJmrelJM
13i.jpg,1rspoej8UOkjwNXgzvpf52cJbv2p4sMpA
14a.jpg,1OtkjW_LtRiLR6VF5Z30czkc2EbmrnjXj
14b.jpg,1M_Cw0s6rHgd4KTkvnrB2PQnMy_YHZedT
14c.jpg,1p1GmxERneQi3phsMeJfynYkVAZ2KN0Bb
14d.jpg,1YFDuPPQYzTvuNH3qjS2QGTqF4IbCRgmm
14e.jpg,1mC4B_LRkUzHeNlrOWam9iOclT4OcO4Ig
14f.jpg,1kfWA_5n5GsqaLulkA4EdPAkcJr1Tr5Ly
14g.jpg,1E8gdPmqwYMP0IgluEfTPqKVeeaJ5AZXC
14h.jpg,1GWtY3ROiwmkOTmArlq1xE7sjscMce1K5
14i.jpg,1AUfboR2MxE6ZFrZpi8mZByk1jUj8QiK7
15a.jpg,1z3cFHUyHpjzOoAM2XVA1v3DT5fpse11j
15b.jpg,1Ftt2I0eyfoRHRKsnc6eBwAyyklh2xAMr
15c.jpg,1cAoSe8lQJiKW0R8iS7t_6JrFKtVCtqjN
15d.jpg,112vnPmGaKR5lAi-o4Uy4dKU-q3n18pzT
15e.jpg,1F89q4nw1lkkQJ5PUkPKMdPbgBAXW0INt
15f.jpg,1dFqHrYqnr8-1EGHm3XagqL6d_3UOnVXZ
15g.jpg,1rQmwOiR9Tb5kM228dDYX3qktKu06bhi2
15h.jpg,1gnNawh1APCmptbXL0JOHrA3-BnoTLDuL
16a.jpg,1gvU4SOt_XqTHaH5uon3Tt1H5RQXfUUFw
16b.jpg,1iyB44v5NUS_8AoBg25PJOZYewxNyWCxI
16c.jpg,14ly1ZEmQVamGDdpzp8mOwGwDYR_IduAK
16d.jpg,19v3lgX1lhwq386B9TZ5RBrbcIh1svw2m
16e.jpg,1qFI2D5MiYaOFtJ8qwF0K3BevW0_tnBWq
16f.jpg,1dfHTFvyXLuQ7KX8FzFmzzJ_EYFjtINYK
16g.jpg,1wNkEQCx8XwsG107O5QSHquDnlfIgQ9bD
16h.jpg,1g5mHuJjHHTeXb3IPojwBo-nbYLdB-gKi
16i.jpg,1niBckgqVfUve_LQxRNqG3bFbrfHwAMA7
16j.jpg,1vL9N3N1fFMwDhgZtFWGhF-Vun8DYlW4C
16k.jpg,1dqwF7FKUM1MmpdM2_gxQqbjtyK31zn5u
16l.jpg,1wtdH4E6KNl6sRPY5bjRZMbSbRMv7hT-3
17a.jpg,1SIMt3fzmF1AfSqUbLJoGH8T9AJDQUTbS
17b.jpg,1i2WCaLE5Ec8u6qdKdzQnMr1Vcg5s0o0s
17c.jpg,1EZm4KE4JVX0vr6_0A9bWLLqrpdNa1vVN
17d.jpg,1ZvyqMeablp5OFrSyYZPpHRCF6IlyZ6Wv
17e.jpg,1oPdwx7UTHdzMdwFM0pihKTLCvCYOdOh4
17f.jpg,1ZpBpsWU9YCw-QH0_4KoBAyt8kbAwieQm
17g.jpg,1xBXR-sRdtk2pLVgvITJpOl0LP83HZyVx
17h.jpg,1hgc3whxEpptOkhj-0KmT3jy3-FzOOPjK
17i.jpg,1ZdKXyoT5Rhry2o48aNxWWjq7sJ4tI1Zb
17j.jpg,1iiGdOi52i435uDrTTUu4Tq1rbHIQdrtN
18a.jpg,1TrS_RFMx7C8jkemjQLSIckeIbU65fRlh
18b.jpg,1R-6F3onLRe1ApKN-Q1gJlpYd4EpsRa9A
18c.jpg,1RLEwPrr5YVyFJYaLTF_ibPD6Yi2crkX_
18d.jpg,1DE1R5404VkgjmYTlj05mnuJ8DIO6YakJ
18e.jpg,1WoQ15NHz0nSl64wK8AcvXnFUGz-Jpg8o
18f.jpg,1NG_NzevjUazONSpxUvME2pdfrr_0fSRf
18g.jpg,10h2uOBYE4ANeQ31Wm9tYSwrlI30QRVB-
18h.jpg,1kW16MHz9O0gzn5T9Fo9qtxEHwIE6pnB_
18i.jpg,1ec_8J4cg-1LACpc0ru2QYVjwgw9i2V8d
18j.jpg,1oczhShUkV5ssf_hXxdKhtUJyBj79rqfP
19a.jpg,1utctIZyWKvoK2eq0oEEDV5AsQIhZCS6_
19b.jpg,1DkRvbcRb7WE446ds491Ru1FY47N3gOsw
19c.jpg,1rOxa905eZeijAvcrztz055uMHLQot-Z7
19d.jpg,11IIlf7G_ZEC9LF3dF8cYerGf2kjUPISP
19e.jpg,1MVXLQz4fj47BDoTpkQtTfKkDzKDNF0f_
19f.jpg,1QVGhS-AASLwcRZHFD2nnokjxqXTPlYqW
19g.jpg,1iPDpgmjKuQ6xmapABfuoiMnSSfKiYPEQ
19h.jpg,1j2axgzES8uYLjNy0TLo-tXxVrd7nF9q9
19i.jpg,1E_GJ-xVqZi997XL3Sj3Y8tjux8iKIKkH
19j.jpg,1240_Gb9iMJZWwp2BHlymFFpgcAFKOFrI
20a.jpg,1AounuOehat9UM6J4g-xSbwI2NMDvpq9l
20b.jpg,1xpFpMFnqY-2eBhWvCYr3ncNfqYWKPSl_
20c.jpg,1gzKI7L4VFvG2BfQlyH2jufM5omF0khmv
20d.jpg,1So6O1tAkTVun0xUZwtJkxBE4_I_PkZLq
20e.jpg,1izicSbn2MkQsNMr6nN0SEw3vdgj1G1fr
20f.jpg,1vjZjipVyMgr8uKgdoS9B_N1xnqG4uAHY
20g.jpg,1ip_HPoynjH-fLUjm5Fk3VQZM0DvB3k-W
20h.jpg,1nwgggghraUpdN7ZfzBJ-4g1oPlQ-tnde
20i.jpg,1MQH5MFCoUa68UUX3nww2h8TrZoA7S6-t
20j.jpg,18NAdUp0VT6Ape11m3LyXSBL9kDOanL4L
20k.jpg,1xM8RdTg74xTcaq_f2RPnk6geaizcs2u0
21a.jpg,1edtvm7VCspPQXj3Ybfw_zsuSo6i8o7At
21b.jpg,1NvlLMFlW1aBLNB1E41KwAHwxWZMCC4N0
21c.jpg,1IOXF4mIdRUwIQPfJUmluFsEPtgHwIlEB
21d.jpg,1BJxYn6BPYfivlm_-AQ_bzgsCkgl0CN6A
21e.jpg,1Hv1K960UwiLN8_5HtT1YIfNt8dzNn1tW
21f.jpg,1vY1VtHmCHf6nW3n-jUo93n-iy6pH9IeT
21g.jpg,1EgqlK_ur2ciYX6NlTVWex4pFAeDHTVFS
21h.jpg,1r2gRTn7_FeEz1teIV5xzCfptI4vPT09A
21i.jpg,1BJ9gvntrS7ykUT11N2CA5ZCPEa2gn1wO
21j.jpg,1k4WJAc0fXIeXj6ReNbocIxTk4S0MPPRM
21k.jpg,1L_ravDklddKGXj0qGOPGC38BL3Ijh0nz
21l.jpg,1RvSoKymxWa_mqi_IPZ7-VgZ2UbrHkJMv
21m.jpg,1W9TUqMN0KqS5AUdx4ETjIfdEKRZFllS9
21n.jpg,1hB3duccHOnPchhuzAA-kwj1YutySgqwX
21o.jpg,1UKaE5croVHdca-8oDjVIXUu_3FecgcFe
21p.jpg,1lrHxEvadqUiFgV7Y1XQWU-Cysn0ISnit
21q.jpg,1tcKFZrNn_FhsMprcYbGsNz_GDYoy7DiO
21r.jpg,10JdHXRnTIsepyoRCNTRjVotdvScsAzof
21s.jpg,1aTG9VjSXArahWn-W2DIngrYU5heaVBrF
21t.jpg,1OVb7MYiUxeWH2wXgt1SxgFr0vO-aA5_v
21u.jpg,10_yi_zYKlc1CiSs3n8c5U8qtIDbSt7a5
21v.jpg,11JYsDBUTtLGwA3Vp6gKH87BDHh8pZzqP
22a.jpg,1RWm8vGywtLsRCNM6nePXbWa2IT-xFMH_
22b.jpg,1TahMJNjYWvrASldy__Wn9tp1rTVzwJQF
22c.jpg,1hcqb86heyu3gxQ2rjxntldur7LUyM4C7
22d.jpg,1wz2XgmByeSEPd9MO24hxKTmodOZUuGbX
22e.jpg,1zeJtcvmdU2lKQsyg3F9JXYGPmTpEA-Mz
22f.jpg,1Fbzje_833HsPPnIF_A5rbcruUYXszVeQ
22g.jpg,1NqPz0i3HQYORu80r7nRm1fMjmFCodpr2
22h.jpg,1g6HcdzK3121S8scLqNhDQ0DyIOiZu4fm
22i.jpg,1yMFYizVaAxA0SyEwfXud8mDM8x_YXc5j
22j.jpg,1FkLYuXXl1fGUxp9OOYOm-5nBEE_ysLyi
22k.jpg,1h72fDsVrnfSmaIrzBITZYC5Wr8j1Ykl5
23a.jpg,1p3QNRtIh3tekr46AqORXSNM9ssLACtiF
23b.jpg,17AQsJawwB9Gzp33OIdkN_TQb6NzQpjVQ
23c.jpg,1Ig1BllG4vFZQsF4w1mrEBSjl8ZO3LG8J
23d.jpg,1zv-REOSQ6nM1CM5d6iYkLFIP7i89rzon
23e.jpg,1hCUsfTnGA3v92iF0H7QYc2GLTTiVumL5
23f.jpg,1mWO03Lcp93EnZL7MPn66stgptqg2PqBb
23g.jpg,1MlFb4YpSzvG2tDxYIsHXfo0eY2hu82II
23h.jpg,12dXZCqB33NB_qN4GGZWu0xUL98wb5WEK
23i.jpg,1pM9j1WHPATdhNkde0MonXcWtW7eEIXCl
24a.jpg,1Y4Uyc0gnCvCAD4XTA59T-XXpdUMNP7xK
24b.jpg,1ns1AOo2zySvud_JprL3absnVb4hbR4DR
24c.jpg,1aZWO7Sr_k2BB0cRhZI7nKS1ME1mAdJVr
24d.jpg,1zTr3ndaNmlvC4sbFh2JKnPrHbuR_o50g
24e.jpg,1Cn1MyodAL2IxouBWxhk4AxO3f-_ClaYE
24f.jpg,1BAuH8rwdMRKBh6sa4fVzdGtdQwd19Gcy
24g.jpg,1V5LcTQZBfI44fD6IELOW6wMfKfsdFpjV
24h.jpg,1rWUA2TvuvC8D58QNcTFsloDLLb_k5j2n
24i.jpg,1C2UHxWQx_cFY8-975flayyMmwoZ_QnTk
24j.jpg,1ug7LjmaSpxuG0GHOtKG3gbXHwzSI102P
25a.jpg,1esz14BSbv4x0WFWCEtSp6gWdlox_2hOX
25b.jpg,1p9iu-kgjki_6op-Me9VEwDRQKF0C5dXP
25c.jpg,1LrQEZvZyutdawtFBMPThTedDrsvoWTA3
25d.jpg,1sAhZAKi8Rks_n_JesR4ANZQNqLIkVW4d
25e.jpg,1pGdheDx1-002KHCjYTVpd-og76a5zvO1
25f.jpg,1_eLLP_FiiZ7OJN6Ghtg6AlXjmv9n34V_
25g.jpg,19GmRjIKa-2WUHm9JgYf9HQlxe9hiDRQn
25h.jpg,1h0F_jgwh5qAG4wRLyiw9LRS6_YpHy-C2
25i.jpg,1wm_GHAn9w5QmjkiM0Rkgb6d8vQ9YhtQD
26a.jpg,1BDtNi5hjqCiD-a1dd-wUHYWkB8QX0KTi
26b.jpg,1m-4Myj9gMoprszygicjcjfkPXe1Qxwj7
26c.jpg,1WRQnmtCYTYe7NlUJPkHSLoszZAL01ddZ
26d.jpg,1OdptTxt4nUxbu9Kzzvi5lMJ4jL1ODxGD
26e.jpg,1IZpAvblhRxKxEvRMmPxCnQAJMPeqAnpG
26f.jpg,19iL01GkMAUIgueGuIjXEWQVDh5j_7V0v
26g.jpg,1HQBu_kNle7RleoaJelKSB8keDg3ftxy7
26h.jpg,1ywc1A0blBhsJV_hdXpZjuczSCXvm-EGY
26i.jpg,1LNtcWQwLUhwyY4y8WwtozQsDp9zwGXkR
26j.jpg,11YWuB0g8HVJIhYBt2bDFgAFiv_mJdFTA
26k.jpg,1lewu0to3BtX01I9E-7Z3jcEg7W_h-Fnc
26l.jpg,1n2Md-MwidJ__zu9rtzsZZp0uFVScl4zP
26m.jpg,1tzkH2EmcaQE4SSMJw5XQ-kTV_zhRxRA0
27a.jpg,1WSy5l17ArMyqlJObLtqSZCitWk8nhWkW
27b.jpg,194AufqkB6XEnmNOaTuqnY6e8j98Cidv8
27c.jpg,1lH1FNnEkXgGXvef56hWqS2UgBy9WAyvF
27d.jpg,1WZRbtMEpjfkVvRnxXvjAkZZwEhwmQYCi
27e.jpg,1DWIbPfPve0UKkicNqh8J0V4njC2kx3QL
27f.jpg,1Wuo0dQWuFlomH69DXbTY99ZmguG29f_Z
27g.jpg,1JQfKpkmh_AOY6oVEbm2Dux6-9gAyysIz
27h.jpg,17ZO0TUjMryi911msQz3WUxf9du6V8TX6
27i.jpg,1o0sK5cdrndrSnhjMw6bIew2bDvmO2mKE
28a.jpg,1mksTkgFekuibtCCOoUmURwa5aHC9IExN
28b.jpg,15au4T9XypKIwh0eAg5TId4xycbHl9w7l
28c.jpg,1oWSpIQ4Ihdcls_R4PeCwqY4RR5KL2mOv
28d.jpg,1CSzickjpY-loAWuR0t_ZJFFCtQM0nf9B
28e.jpg,17Bn38UpcegTxflFXNwI1ZMuvuBvbPTMg
28f.jpg,1fEcEg-wXbT3KteZxqLw1iIz_lMT1jsLn
28g.jpg,1oB1iKZlZnrs-UZCpUXVQrejK-2LJgjbJ
28h.jpg,16FewuIFOwmDOyk8_t5jwsRYX8W_OONSL
28i.jpg,1mNSYonDiTZyLPalWDf6okTE_paj7jBAn
29a.jpg,1GjkImcFV4rgkS0frHX3JPIYF6UAp7j2b
29b.jpg,1D2YPyT65YJDCbl8ie9AT7xDgNehulcPS
29c.jpg,1SzE-4YEieI0PP7WkQ0Lv7bNMv74D71fH
29d.jpg,1vghjA1sECFlXxFBymBDVjjjufXeSt0Bj
29e.jpg,1gTh3nc0GSmBjT5z1e3pviAvqC_cBZbJb
29f.jpg,1hlBb8S8NOtxIcDqE2uwceuzdz7SAXO_G
29g.jpg,10yC48Y_js4VMKIgzJgL8xzSg1eCsMqyH
29h.jpg,11t46drn3URjaKuGQzdhKQzZIjFgwE7Ln
29i.jpg,1GmJkWsg5tZgR3Mboc8PFLEpLyfmZVOD0
29j.jpg,1HsWxwyVJWV0MjFA8tYf_mfNW2Vz6HmDt
30a.jpg,1V2dvkis20pUTbZi3JPBBds6muHHAdeLK
30b.jpg,1Ya9glnqUcpriwKvTvZnGdjVK0e6-6ofw
30c.jpg,1Uk814GFFrsr8soeWAbvA2EusHC3bQmVi
30d.jpg,13qA1l15Hfjr3LGEaM1nZpEDaT--aZugk
30e.jpg,1g3w-WgqWiG6wU4-qYo30oe2xR6ee7xmA
30f.jpg,1s7EvdWKack08BBzN9DO07ha7-6ck0Qr3
30g.jpg,1Lgvn8boc0ywDG62Vfj5yvbdLJdXF80Xa
30h.jpg,1yrnxV7iubyfG_pTbVgbTOXHd2BXSlr9n
30i.jpg,1jcdZwMxgaNmRZV28qtHWo5-71UURRJ9O
30j.jpg,1z_0z8c4CPMyZUBmH2T9vg1p4qZuFfYlf
30k.jpg,1srNkv_qk_sRmgxZCfckY59iP8zAL4-nH
31a.jpg,1Uj4iUxjP7rfqfa6Lw2VDKEpa-qmKRfPl
31b.jpg,1GRmCUYWcbOUOO_JtBy57-yPdyqNS11PG
31c.jpg,1VRiB8Gy1OR-dUTicKCDqdpjXDFWvP2du
31d.jpg,1S91q2gmnd2XZ8_mHAn5MWApPaqDufBBr
31e.jpg,1Hcxoo2KKtWRAOcf-c7lllnJMqeGmy8KG
31f.jpg,1xn_38c6K-6uXEV-r6HzOsMGkCGAeOGfD
31g.jpg,1HKDWcpLcC9_Rbcj0Jns5xUQC03Gwnprd
31h.jpg,1JkTk6lWswwHyV-nv3kaTxyLLvjUsXK4B
31i.jpg,1Bgdvd62paeY-vb3H6eYkhhm5Z8XJuc1z
31j.jpg,1Vhw4G-1fbNbanoPGxk_LKiRJj00Yp_rI
31k.jpg,1QmhlZpmf5BqZo7HwcMRsH3OaROSZxH8j
31l.jpg,1jP_juyjVcCvnoPJjCKeRtIsXNcFnFr71
32a.jpg,1cjqDt-SJZ22yliNvudl6LzrIa12MuCv8
32b.jpg,1rq8Jf-f5YyFEmUlNrtaXgPrrUPZX6HGj
32c.jpg,1Yu6IhRXiM7HEAmIeNgvFoNmrn7WD-rmf
32d.jpg,13TG0NJ7KIKJkfeIXwyonsNdb2E1wYPSB
32e.jpg,1IIAKhDfvN5k1bzGpDfoLDlbHU0NRg8bH
32f.jpg,1A-U2mcfH67dG9VCoIx6sfxFl6cSitibY
32g.jpg,1Mio3Jv0vtz-As4jiUof2AEQz09xz2N01
32h.jpg,12dwF-HUR2-3y6FOQNzL0EV2WVZoEopRx
32i.jpg,1ev61Lee7o-xFOiNN9eh3q8x18tpZquo_
32j.jpg,17ftoZ2U54lP0MJEH9Yer8xs5XWinogN9
32k.jpg,1bHvQgtgxP6fXlIv8OAq3TA0np90e8GBX
33a.jpg,1DnfVAhm8yJ9Jzyw5NUMsHgdbyWkUgBvU
33b.jpg,1Kt6MZIV54e-RvK6kBWd2-6YDHHwZC4Gk
33c.jpg,1BVEIBcsIjOuJ8VqwrGcVZ2ziJFZIGWQk
33d.jpg,1Sl8ugAHZnl848bViu4BaLZmREdKjWUM6
33e.jpg,1P15LUAlKEmnBfFeUKv5HOITrrqk4eu8j
33f.jpg,1dt66ScUI9Vu5uYOIP6EBBzCogBs5az2d
33g.jpg,1V7TnBJpW5Bnb5s05t4qGDqSEy2Gkx5jI
33h.jpg,1eoPt1Npi5jSXsdDHf-SyQiGpMBb2VNGu
33i.jpg,1FUgkTdUad7Xny1XHwEprvBeILGkJ95yA
34a.jpg,1kMBXfOsE5by6Z5N9NpnI0SW7dOZnf-F7
34b.jpg,1M7cwcFDlH0gs3PNXIq2piFecAGlBfZ31
34c.jpg,1yFWQXKuWRbfd1rIkjTAuIiqMBb_VkeIC
34d.jpg,1wqCyjTd9JJTdS5bY-QRJki-JQa1fgUqO
34e.jpg,1swqwTyKz9agoi_cQShSYMPObco1mOxli
34f.jpg,1eQFS7EgwTBEiFDOS8KXz3YvUkSZ0hiXt
34g.jpg,1PxKa07Tj0ua4W_EbdgyiKe7CRPxpXf5b
34h.jpg,1ERQXRBFVxbULsMR3lzyi7k7_jPfGzkFa
35a.jpg,1y1HFdw3UnzwssCi9G4tsN9S3dY8QV6wr
35b.jpg,128Scy9MMcKkfIQHIpidEZW9RnMJ6AEAS
35c.jpg,1UIGOQnA0BNAJmveR_kncz6pkBYGQKWhA
35d.jpg,1AAvmcs9UQh-7nJHTtt5W3aW78au9VZBw
35e.jpg,1OoKI3xG7N2NQdre2fKjzQr9HR9DoxvDe
35f.jpg,1U48Dt0WwbAdPg71e5xozvfnhfEfzmm2R
35g.jpg,1MhmfXJOBy98hT9O74h7oBbKzYCenOQm9
35h.jpg,1QNZ2D9p4a4zePT8loCVDhG2V3_i1ynJ5
36a.jpg,1QXO4QkpnoTOkwVF6Rcg0JykjsEmTMDpi
36b.jpg,1tsm04rCtTHb3XmP67dC1NCF3-n1GeGJH
36c.jpg,1cQKKfI6mbG41T0HgwtfgbQAe7DiE8Nyr
36d.jpg,1MCjplltyjcr4ktyXreCGIj7ikX8QzIZV
36e.jpg,1AJxCd-Wf8gAEX23RT1zWgW_o1fGDHPhH
36f.jpg,1iN-ITFvwn9x_r_Tu5clPV6yQMfwpDrdt
36g.jpg,1Plm8t3FIdklf4QKS3QjE7Z1fdNsAZ7Q0
36h.jpg,1mEw4b9P3d8HKBiBd2UFyJUvA-2zluj79
37a.jpg,1hPXh8opqQBnH7d9MesJ1uJm2GnQOLJvv
37b.jpg,14DSxXFuusEZrXNCpf5ec8ayQjlj_OJvk
37c.jpg,1Ob-Nsh8dy-i3yJ5F6eHET94qWqQTalY8
37d.jpg,1QWK7x_NoTtms24TQjUo6xpjikl7w9P8g
37e.jpg,1h5uzSTq3BnkRiiCfHWEpCKMwwWB2-GW1
37f.jpg,1W3xBDq_RxCGVX9BL05hofWlp94todXnh
37g.jpg,1Q14nje_5qgB9GeXqPbG1ldc8n2ZBcMUa
37h.jpg,1EJXSLgP9yzzd9e0Ldm6ahfdaujhxKwW8
38a.jpg,1zrl0JDv7HprPE70fipT00zUMBsvn1MYA
38b.jpg,1CsCYRa9TydbFtqehLhyeiaD5T5np1-NK
38c.jpg,1eY4XzGOmouxcMLIQJH1SqaiKzcwWvWRR
38d.jpg,1-BSjHuwixGdqHnYkpA2nSkkA-e9bebqG
38e.jpg,1fl0BuscJUxkkB_4ngwepTS-PAc_WaRB1
38f.jpg,13f8TdMVzVyF2nmA5lhmJ4PJUJHYIFRTC
38g.jpg,1srnxOXMnfTTnkPY-VxNkl3PP3OEwMFJ4
38h.jpg,1KgsqgjSkj6W6fy7pPtFqXOgqGtv7eFwL
38i.jpg,1Jv0QhkQrJYYuTvfrZZ-nooqBW23calli
39a.jpg,1qu1q-d62npedWgDjFHB56oSdAB1LkK5V
39b.jpg,1hbJv51xdLPBEQbe23OlH02EmR6esy2Ib
39c.jpg,1eUlmkvKRcUM4RT0wI5WJQQF-h69lOoLX
39d.jpg,1FD8ALEVkdiodl2tS43DduvI8CT32e-G6
39e.jpg,13wogjRyE_qAqO9z2vdlRwSl1F4tEDAJk
39f.jpg,1RQuwJ9iMtAN4lkCCWjNSoQ6n09hkhY2Q
39g.jpg,1VKfbVDvISgZm574XsdiWaDXzG8LnqFMS
39h.jpg,17x9PUTao8kWJnvM7Y6ZDDbG8peLWKCLN
40a.jpg,1Wb5_xcO7tcHe7sH_Xesxg6AkBSNMZjec
40b.jpg,1OWASe-ItORu_yioH4YRxKgQjDON_PfrX
40c.jpg,14a8kPCnWb7ez3XnRg_7W3LI1LdPF9NQA
40d.jpg,1Ua5xB-pAGDFprCcXzuAR9BeHlLiv5yuZ
40e.jpg,1KU0xX9Ijcjhyc8SbNEzM7W_jhhKaVBvA
40f.jpg,1qT6ljIRrFUMg_AL049JbPFMGs-d0Dq7d
40g.jpg,1UA0vEEuzU20hP8YWUZwAdfKVoClE429r
40h.jpg,1c9Pn-U7zzzIZbWPir-djVKtAYnUQnnTm
41a.jpg,1i1GYMwnknP60nEReWdiKax5gnmOgu0k5
41b.jpg,12l3aPKosnLl2OCTkMBJGRBWmc_KN-VW0
41c.jpg,17Lc2jBZtGRjUq8qyabW8ZRnYZyrxaA8X
41d.jpg,1QQaWiB9mcNyNz8SWNaVUXGZ9x-TXKrM-
41e.jpg,1Mi6tl7Fiveh3A8jTi-o5P5ZIGUYUIjg8
41f.jpg,1w2idhbKZG0yTCUgwTA6VwWRslzPiVolf
41g.jpg,1YJZsaPiPscffl9IV-gYRJDWNHP9XWPUe
41h.jpg,1em9n0v2qvuuEC1hC0nD8sPjJQwga_Clz
42a.jpg,1hwTcclhNiBe10pqQ-xnloeLbtzI3wW3I
42b.jpg,1V6ZSkXkdShhzpIsTqTr4U3xtREcPvRY0
42c.jpg,1VR3PUIlLVFCVw4Ds-xkhv9wibdhqFJfh
42d.jpg,1V3vbyJCWgXSNdBy4NKV8yyfOhZBlLxNp
42e.jpg,1U4E8061JIMyxaEO-hFzfxFO_fpzGEjWy
42f.jpg,18hgkBuzqqg0e-5zMg0nP1N9vVxK7mOgc
42g.jpg,1yesXR5-kEKJViqvwVOrFpRh2hz-2SB4c
42h.jpg,1ObnqYw6Xjx1QjTaHZeRmjT5QKltrq2T1
42i.jpg,1nqJ_rUb55_1BSY8X-98Gae_Jv93WRnaa
43a.jpg,1h101vGozoQsUtrwwwC8CDAk1AZm2j8Aj
43b.jpg,1Xf11uZsCr-qmjTmczp9595XlWrBxqNl5
43c.jpg,1h6FjUVQHAyF-SGe42zOBPfD8_hZU1-p5
43d.jpg,1LJ6Cq-OofJj3hXoMhyWkdfwFN2RyENbi
43e.jpg,1h2FIxxgZA9v7vqD6T0hGic6d13XHZ-5D
43f.jpg,1BGuZ_KUFeqChFqEBiZMVk7LDfqbdm1dk
43g.jpg,1a4T6fGnb8Zwz7onheCm67PK8n-UgY6me
43h.jpg,17LyEqFr7itbLrR-AxY3cugvK6jgr5Clj
43i.jpg,1XaT7L-4tuegFaCQ8hHOwV7QSIPpyvfUb
43j.jpg,1179XlEjSa8XDe1EtIRJDP8cCJfCBXamV
44a.jpg,1PUVRYRugtpgBEH_U_froPnyChjhJeySt
44b.jpg,1eZrQAN647hnQIItBprHF8RWbfoNDOobv
44c.jpg,1EXuYnkwsJHOCuKILDhKkwubWFhl3rKOh
44d.jpg,119fjflggrOM1VznEwbp6MWei1I-hGLX9
44e.jpg,1dlGXJIAVCDK0UwQe4nydmm-J9J1aFBPN
44f.jpg,1ZtLCt2RKDRsfutmDcN64E121GckfnGDQ
44g.jpg,1JyA847pmTwQgYr8wuDq9CxsIilRPJmXb
44h.jpg,1hmxPiw4lwUCYhaIfIQMJBk9tw2LasNb-
44i.jpg,1pEWujdeZVYBYgDr_IiGozxUYsawPLtqF
44j.jpg,1RDGx3w2JhWMfv34K0v9GSQnAFk09m7yn
44k.jpg,1odlah85jrqz3a-d1q0JOkq1OnduYFH6f
45a.jpg,1-VfbxgariUsYp0EYrEd10R5G75ziaXdK
45b.jpg,15OPf0tzClrj2OAfXGA1eHu_TACBoG3Af
45c.jpg,1JIC1xhfd72Q2wJWXdJ8_TlVAeWKwYDJw
45d.jpg,1gXOLV3mRv9VSmAlxKdVp07Ml3BCX6oBy
45e.jpg,1VcOGkglLGOgtoxtTvC4TtLSdFnFD4Jaw
45f.jpg,1JUD9biE_etKlc2IQknVc3JTXb6g9fdj7
45g.jpg,1716Vfy8HNTx2qtBsISiL-KP2L3QU_9uL
45h.jpg,1qmnOxtovEqz5XQVGDvYTBGe8WvCfRccT
46a.jpg,1_XpFkbZRTGnpR4mkfxReEh3BaVSDuZBY
46b.jpg,1CmcIlpqf8aicZEHhbqBb_wmxA-SYn5zM
46c.jpg,1EX3yVhAE4CJVAs9zigdtiCFVbV_cHVOR
46d.jpg,1EOf2ZwuUAjby7wvhSa-pgmfAnDeimHh5
46e.jpg,1Ae7yi-INEbM1nVNrFFWQyItBgQZAbucR
46f.jpg,1ESGJBsaAk9MzVx3lnKyKea8QoaT2z4UW
46g.jpg,1wzdNMoepiXk5HMQtVMIE6ZUJ1FAEVq1v
46h.jpg,16oA1fjnFDJsjsMFfb57BtSEWXBQNK9aB
46i.jpg,1F56kcnYGBoqYaarkGg3aNS9lhcsIb9rg
47a.jpg,1A3EiiEk-NYoTtwluq6Cs32xcUy0J3nYQ
47b.jpg,1VhasgvofiobwImzqJcdSAe3VgYXEHAVL
47c.jpg,1V9ZDTG2dAhQTlcsLLLT4mkgg7FwN0iK1
47d.jpg,1SWiRv_0GFFESJ-M-5ru-KYhpqqb9NWjP
47e.jpg,102E1BXjTNZriesFxvJOz6icjANBs7lhw
47f.jpg,1wvArkl1NehNk9E03dZc3g02q5sC5jdyT
47g.jpg,1dokdTe2g4cIl2ugCWFo_Yf-vXYU7a6aI
47h.jpg,1VyvdhyEybD9a2WoCPDahknWEG300cPoo
48a.jpg,1ulByoDkqQ0mK-L9IraitCP8nejUERm3E
48b.jpg,1KnjvS0TUcgIm6uTyM25pP5P2LCP3OKU4
48c.jpg,1Rv0AgjpCJU7SnWv6AMGsjaH4PDdHlm7g
48d.jpg,12_wLCQ-NCZMhWTg_fv38wJRGDgsSMgac
48e.jpg,1KV6iOz9iS0nyqzfzSjt8lUwS1NJR_ybH
48f.jpg,1wCldXp6NotpXkk1Znq5TUrgjuuRPy0Ku
48g.jpg,15oqndVw60brDJQ9AqiUsfmTKLaUBf_5J
48h.jpg,11JzmI7VLRvMwdSX7UfwHFomoF-tU8ZQ7
48i.jpg,10UlWMkFNo2KPkZdDKzZjTBH_RHXhYUwB
48j.jpg,1yhXC034YOTiZkd1-CYrl8pWW0ge3RApv
49a.jpg,13s7egdAcYKYXLJp4TdHOdkiSkJY-mMko
49b.jpg,1s64_c5xMPpz-jxv8EPJ2IUvZ-juZRk9p
49c.jpg,1E5cDhWlPnhQWp8MTEA-I1Ct2fZyerxJW
49d.jpg,1s13m4dcRBZd_e9j6MWZbfq95XvOaeoJQ
49e.jpg,1iQV8RNBJ6NMEBb4J6XnOzOW2SKApLxXt
49f.jpg,1MSDxZe6SSHhgROx8zIENCP5o81P7YI8v
49g.jpg,1-yuSLjSXlQq7fLQUtGQae7KqAp7lT8xW
49h.jpg,1KB5AqInlpB-bOK3hfH2eLai2lSWrmOHb
49i.jpg,10MherCIWX2O7AXX6HFuvxDhZbQoQC3tr
49j.jpg,1q696V-afDp1b1pKXkxV18mPoRDBAX1kg
50a.jpg,1coB2sTHH3_4NaTY0UwF2L-2j3kYqBaWp
50b.jpg,1iDBsveaFzKqvro9WuSmcubMVHrJzB2px
50c.jpg,1_Z1KjK-lilnwFG7SCyLIK7BQPckhSMdv
50d.jpg,1I36rLTOpebb0apwIIzNEBfIn-tFl6KHM
50e.jpg,1qhaQG4ugMmbs0U-peGKUqmzaRtUhIxNp
50f.jpg,1DIgHL-ZzhlwkyP6OdKS_B_HGSlPBoMpf
50g.jpg,1iLnjsRY07ycKdE_Q-PxLmaB5yceeirik
50h.jpg,15semPcpJkU18_uO7qz2Ry1U4Rg8oK4Iw
50i.jpg,1sb0rOXGKOcvIWrzi0rgYiMgr_Qw-X3An
51a.jpg,1VamkUT7Pej4WU5Heo3oz7x04QEOt4v7v
51b.jpg,1JFu2qLe5cHmyx2QgGZb_pPl_5hV0IrsQ
51c.jpg,1DFxpsDRgK6L0Q2OGqC7bSh_KrvAuHglB
51d.jpg,1VAh29NVWKYxLr_d2mt0OC83I0VYlzB89
51e.jpg,1YqeykKmH01IeOh1LWDWTg9vfmoBSHV-5
51f.jpg,1TqB0SebEMVs31B438Ce0Hu8NINHNtYRu
51g.jpg,1twRGlYJYhNHI0Ihj64Cqcps5m8lq-Z3B
51h.jpg,1hN7UqMwSBrFsJC16K4lhefPw1fRTGueb
51i.jpg,1NH9A6aalkf8zxyf-uhorpn16c7N93Oib
52a.jpg,1rxrsVfvLXgG0SCqlo3EcCWVMPt2HVc18
52b.jpg,1a9Y2uaGnO33Z-mP3Xle7HPlI5sPacMOG
52c.jpg,1woc2LBN24bhlu797uMOf1udrPEuKV4wl
52d.jpg,1JmCZFuJ-FdrNxtfshhR6GP3yek_Cjcww
52e.jpg,1HRDu7mfVljfx2mr72kHvhQtVW4zVugDs
52f.jpg,1zpcfb4ANDqhACEY-KiCEPAxOi7VBIJMb
52g.jpg,1Wr9yPPNNIGwLJbJtEjuIkDGndIB10Tt-
52h.jpg,18RqhFQzmVAg7gR2o8lOtitLj7ZoFvZ43
52i.jpg,14F_3ApMli0mbcSC6PjmFYThdLKofXcO3
52j.jpg,1VvJgc032cNTBXM_UK_tckLvF9AF24Adc
53a.jpg,1l5NPJ9_7VnQAd1b9Pu4yAzoYC7EAl6rB
53b.jpg,1bZ3R_0CfHvaRbCMsvnNtNGdPhs4uppQk
53c.jpg,1xRJX3JoZVHgmvYcJ8MiMVThbnoubAHTB
53d.jpg,1g93DmD5acqh72F_OLS9obFAmaj1ZJsu3
53e.jpg,1kA8AHzPKlhtXWAc_JYVkmvvhCQrvNfIm
53f.jpg,1_knEWQug4342dy7paQutCfQRPU5wQEP7
53g.jpg,1_mt_1gGmqw-BIXZ7TGT_jr_pF9rOEh9B
53h.jpg,1oqlIswNKqv3KqnNXRTcZa90nXv1Ta7AT
53i.jpg,1yS5QdJySoc-EsxzzSvuiAfJGhUhvT5UQ
54a.jpg,17rB1Nk_011-07G6ja_UZfow8IS7jqgoE
54b.jpg,1fteKVYRISyhb4XEkXdHSkJ5urQga8gFF
54c.jpg,166P0owEy0vlDOv7-6unKAGM-i-W_jQZp
54d.jpg,1nN_3yijejAQfSwZEhtRTrbL6nNKAUe70
54e.jpg,1xND6dYXbr3JU7kB0cCz4sJ76aus5etRB
54f.jpg,1Ru2jl5dAml7aHOYEqlJ65nT9omXmYkOo
54g.jpg,1KAf8GwUzuLIvMw4fxIzCX3iqIgQCj0Ws
54h.jpg,1fV1Kj-SVZItgLG807KslJYuNou_umVHO
54i.jpg,1HDJNkAvm-tW7xvpKuA0sLQmmsvze0r-2
55a.jpg,1B3rvDT24Pl6QdL2hAN1pbpgOlN0IyMAR
55b.jpg,1Ia9jXSXp_AWJ_XxKVhrSifQivXDWOeN1
55c.jpg,1or-CRE9KVqo8qqogemj4ogBdCtAZPRW7
55d.jpg,1BN72v2vxJ9h0cNtI0WhcNAtUck6JdrUo
55e.jpg,1I0rigPdUWjmPLV_Pz2-foe_yiVj09p9h
55f.jpg,1y_LgyWHCkI3loN8CATQTdOy9l--tTAKa
55g.jpg,1oGA15aOMuqSrhT6sLQOOzyTbqiSRCsz6
55h.jpg,1tnwlJPhaNuZyK0TgFpD2cwfB5W1LUzhn
55i.jpg,1HEf32d8LtjXqe6Nq9UDBC21GmBlW0-vb
55j.jpg,1rrMJEOCGGcglKyviNIDzk0lGZUhNuvLX
55k.jpg,1unnAjV2tqyUyYktFb6XxGPNi4Npi-txd
56a.jpg,11TnV5mhQNi7hOQYDa630lP7MkWuf6T6P
56b.jpg,1qlBREOCWtkc1oI0X3k0BFXOE8fdRCA6a
56c.jpg,1qfUBPUYEtYRzCLs97LDwi6nOdq_nCd_N
56d.jpg,1c1vsiRENwtke7KJYtoZi6-rs-VkU8ADn
56e.jpg,1gyFFQhNPTtV_QJ0mD8lJFUiSVZORj2E5
56f.jpg,1JeLyrymmb9r6VmkyACe_t8lXzMuJHiuW
56g.jpg,1m15HuFY2g7VlJllP83noGGN6YOS9fyeh
56h.jpg,1wvyNQP7gSYI5wcnLvVVfDFMigLScnXHb
56i.jpg,1FUOkjTeOhrlD4fgm_EbQGMdupLqPacfx
56j.jpg,1ixHd4kkWkzVo3ulmNJjP2usGsbin_I99
57a.jpg,1nf7A5M72IOZJrlqB4DpTLn2lfmB2LP3z
57b.jpg,1FXJfqu5d3cagPoDMfINKDw6GdwTy2iE5
57c.jpg,1PQh5aN_2ht7IzRA5Wa7Zc_149d26_0aw
57d.jpg,1O6NVgasI-d7sfbgQedHgait20SoxEGHM
57e.jpg,1Xsx3l0XpRwkyrXBTe4OtSc5rbqB_0PBo
57f.jpg,1QK4i9z1dQV00oScfk97NEo9EtCSRMEsV
57g.jpg,1-VmY1HtVUshfGfkLsVDOQS1fsitmoJba
57h.jpg,1LZ3Lq-tThcMpKEf4ST1DD12J7Xk3bums
57i.jpg,1YaD8bgoQ8vyXB3xEZt6KTI79-J2777Uf
57j.jpg,1Jh18scPOOQIVMzIXkZjJPeWBpf5bYBsb
58a.jpg,15cnehsHyqwAQhhNWKMu4bnZgCy0HQ0eI
58b.jpg,1alomw3qKuqrjleaLcPVk3EBUTH_oZzTL
58c.jpg,1urUO0GeoXwtDgGU26b2wMInqGlfZMDeW
58d.jpg,12oNplLNXXLxnF_QD-kG--bOvPcbVpWmq
58e.jpg,1OySqvqbTEYuSlqKIuSoDu9jXRav2vOmy
58f.jpg,1HV4_HGNtEaAQY0KG9pg6n8gOOHzNOGOz
58g.jpg,1Eb7duJe4uVQqh9e3wwKd9Cw_XKTrErlf
58h.jpg,11BY--rxvWkX2jWbOoPNIys_7I5Y7W0P-
58i.jpg,1de4uGXoUn5MTyQn7TAy6W4IcCdzvcoeL
59a.jpg,1PGZmSAeZdgwxXOQKE0PUWUi8SzVmlFB3
59b.jpg,1h6DRV1yBvli_XEwEFtRNtmg2gIv3_0dP
59c.jpg,1xeyWm1-JfudFFk0e_6jRUfGgi_g_9tKE
59d.jpg,1OCy_x_AGC5gO24A76C5gzUDeiBFpl73D
59e.jpg,1t6qS073LBxIht4aOC5y9f71ppewQF9sb
59f.jpg,1bZeu2AkNbKtxMXPZcaxN1tJLDxoblWHk
59g.jpg,1_DFl4bHS6kXJ5mDZJFYZZ8tfg6dNoVYh
59h.jpg,1nKfOgJvWqyXMR4OMG9YwIkQPAMGcKkbO
59i.jpg,1WDQ4A4uR8VgmLbKEurSVwZgXPe8Sc1cr
59j.jpg,1GN8YTbArajjERjOH8AMyYZS9tNfbXpcy
60a.jpg,1tdcCCaXHaYkb79puL8PCZOHsf10K5_uT
60b.jpg,18tfFXTMkSVo9pNbdYX12Bo6hliR3TL-1
60c.jpg,14UUGapAnbPdEtK3B9BlIlJ9dHjfESByb
60d.jpg,1FpD9Qvu1RBvYs21D7OgzWFL9rcYXaPsX
60e.jpg,1AnVLkusPYU2vQEqvNCteMB2mcJr1tRBK
60f.jpg,1tK5m1BjH5qd7eXRCLBEFQ8DPnebKRer_
60g.jpg,1zhQAZqfRDxIpYlvFybZVIpyaNTuZdoBv
60h.jpg,1qWyHnXwwBV2B9IQwaYiRKSxPte-8r2ju
60i.jpg,1zfYo6j9MBCOAbYu62nb-A-FbrvqDUAmp
60j.jpg,1ai8TXhySDITJAEGk2LzvVtVgB-mOoyAQ
60k.jpg,1rh3LlaUB0BvRX-1W3rWIVhgqA0YRqlnX
61a.jpg,1O3KjLLz3o0d3iA2vs1EKFmbxQ7DGOuY6
61b.jpg,1Cy8ShuQo6rGjNJOaPkEKMYeMwwYkDCCJ
61c.jpg,19U00NYhERDwDmLUe9NBRZitxr8gVoF2x
61d.jpg,1CVat7Yt-pbysK7lRWL_nCoQ6BXi62RNx
61e.jpg,1bBR-troKWshADBsTwAe_rU-5bUvDq1pm
61f.jpg,1c79JWl5JYzE_B2LZhwUVOxAKdORQmeRp
61g.jpg,1EmUXXoaNaVboJhZMEsucoKJpIQ6Zv-4F
61h.jpg,1MPpa5HcB1cahLJzhUiczfCJFOrmwoKNm
61i.jpg,1fAD63B5i_TWgY5blm-NKUnbKgm7_5sJP
61j.jpg,1c4vS_BldFCtyrWZEFS2rPSwUg7fQK_Pl
61k.jpg,1qVGOqvvSpYerAwUN_F5h5Zi3sbBHElAL
61l.jpg,15hw-oMs6EWwiafUgLY2ahOuWUWtsbBuQ
62a.jpg,1KaCRXqFHHUFursiZLoMhnd9s98TM21Yv
62b.jpg,1sZh40qBDszzoiX04vrHhhw8CKP9TipAq
62c.jpg,1ZKkCtx7rE3urUBwsQXSwLajtX2jOgVOM
62d.jpg,1QSJ4c7MrAwRDHO4GVrklFWZtqunFyecN
62e.jpg,15VhQbcsE2T-KfIlGJpGyPpcIy_fQZK08
62f.jpg,1kkoiuJGYiqER-s2UasQ2IjM4Cdc_fp8C
62g.jpg,1rxCe8Y-ucindSCjccqAOebqnCWzKcNdx
62h.jpg,1qTkVsRsLRm85dlVaggxJYK2Btf2PJdoU
62i.jpg,1CJDoDmw2GzgjII0Db3MRdKzavCM9p4EK
62j.jpg,1KsdAJnsQR2ambh_ivSxm4TaVrzW0jdea
62k.jpg,1aMzrz5p1Wj8OXLfawLZ24Gy3SJc8JvHh
63a.jpg,12sWLRoKTZoEytv5JvqAT5c5LlyCh1gWO
63b.jpg,1IWULSzCRAYIDEz3WASTUBMpfXUEtxja-
63c.jpg,1JL_XjSxxAPt7gh2VtDC1S5qPmR1R95Wh
63d.jpg,1QdRcrnNd6IJrYszTKsEzWEixxRwVtpda
63e.jpg,1LpGI4VqxyJ9AAtX-uJssEckmRkaYrSDD
63f.jpg,1H7lG2xVq2zAzdBu4wNNXb9qk5yjatHkg
63g.jpg,1dhAAc3IbG4BLhdnMrucjV-tjiOZrpSFQ
63h.jpg,16LCHLqTl1kdFrXJ2RTpiuzBTB6U0bidz
63i.jpg,1gNUsh_pdmxb8P617nQFrtkNr9rMfLpYs
63j.jpg,19uRNpAl5mSPts3P9zlT9imEYF9NXGTzu
63k.jpg,1jtYBVVH88U86CXIXhNCSsW1Op-Az7E6Z
63l.jpg,1nlTUYchuHQ3Epc6z9HuQfSxhoil6VBc0
64a.jpg,10B1muL-PDiie2ONM7yaHXoNFiS8SaVPr
64b.jpg,1ff3bMxDPawX0gkSyeRXZwoJuSNUbYUln
64c.jpg,1MrJl0s2tF9d-cOluv9VIEBtLKKkDANLB
64d.jpg,1XrpsS6277LstQgOpX5KumXVZC9uhjlco
64e.jpg,14bzQhmLMocDoMcP4MOfQj11kACIfXy3l
64f.jpg,1IlPva1pYeha7rEh6tPjmPnKEI799ktw9
64g.jpg,1fFesHT0NO0wpbqIeLvhshLDsraB3Sgzy
64h.jpg,1c_AiJdkdrU2oJWdvkatkrVmdYehiV1Nw
64i.jpg,15du3GuL--LfLR0PpdPcTVgYa0SlINAOz
65a.jpg,1qoro1mNdoCWHA2Nvf2-I1Si_tHsiyFz6
65b.jpg,1uE0P8Oy1oMowmqpHvSVf4q2kJMCrFKO2
65c.jpg,11J16QEM_g3_mwVsLbDofqwfVaPzdBKkq
65d.jpg,1F0IZ14f4AgYFdMsUbQu2HRu6tijhtQA5
65e.jpg,1WLeAhZPpgqzrIu2Tc_ER_-OGV2rcU_m5
65f.jpg,1h4HkKbvdEPT0FF2PYINYQQdbRO9-Gjc4
65g.jpg,1Z-V0khnHBJF1YGNC_DG46VWcafnz-g8G
65h.jpg,1J5FjE_f5pMBtm_O7PCCeLj2BiqV5e8r1
65i.jpg,103GrEhS7zVWmG8-fUTwQzrfXkTRvSgwW
65j.jpg,1aiVL5LXuFP3J0hoSWI9VBXviHZ_vNR7C
66a.jpg,1GLYkII1sXeaWHPTIcKFoqRitK0DZXCwa
66b.jpg,1akysX0pRXvtaoOMLcI7sXuORJoRBCz9p
66c.jpg,18fMx9SUSWz4a7SBi-ZGDqFfCWQ_3gKCv
66d.jpg,1rP4qXa-LRqbvT8XD4ZIWIAIiHd7bNnKE
66e.jpg,1DKi57RcVBUvgf3uRaYmRW783Jgx0LANT
66f.jpg,1BfkBa3FdpGYDm1hGKcQm0cFgwlbh2zzr
66g.jpg,1mDy-fUn4sb_cOerAPRYDtkHjjAGx_bOQ
66h.jpg,1RIWyrPOh_EVs2WCiwNg9C5ev99vmaXLF
66i.jpg,11WLp0SrVN-ORUNxlveOLtDnF2QZsyQXW
66j.jpg,16-JOzN22wmJgN-Wf9rTUEcvLIsbPdpR3
67a.jpg,1lF4PUZCcCGZut2Ia1gWHba_5yMIw0GeO
67b.jpg,1y1vChOY3LFVSLy0_56liYfKGdWkhu5Sa
67c.jpg,19LXDO0aHNSAO2lu7m36zBLaihmva5CUE
67d.jpg,1m_fzXZPw2DOsSpx4Ul01BkdMOrkC4qWH
67e.jpg,1lMb3qPx_kpMN9ck5LUUdElbFm02_q9Cu
67f.jpg,1RXm1WOc8PNgG_0Pa--BvwTL6lsw6QG0m
67g.jpg,1f862CZbh_N9FqetMDGQvjvikY03I9F31
67h.jpg,1TWqo65sC3EP_Ip6IsCcdmVqj1hvpPnK_
67i.jpg,12DMA3Q2RSb__w-t0tcqBE7gxbMbqvc4S
67j.jpg,1krFPqsJWy7xjfeaHajQSG2zEqtDRl-uG
68a.jpg,1ulffyJorvKDXpZKRxaIrTVmVCVriyDR8
68b.jpg,1zKQ0psJ63p8rNXQVL7v9JrpyAwYj_kZh
68c.jpg,11U7UqUfsVjMDwjv1U1xEQJpmJiZwelPE
68d.jpg,10f389nFb3ph4_ykw_bL-Yg-2t4ar2oh5
68e.jpg,1TyDDRnIS_zkshKck2lAYqnRhYF1NvhPG
68f.jpg,1gVLZZrdlMaKw4Gad4b-8IpwR0_GKiyTt
68g.jpg,1d_G8sKhxNcD8plTM3exSll_aNcdTEbAp
68h.jpg,1m1yVRj21h81bnntzWdLWNiA6RyYnCftI
68i.jpg,1yU1zuH44JB92LEsKktHuzmOSbp61SHtH
68j.jpg,1rJS1CnYLY-K0mIN0ToOno18kJE_Ex2Jg
68k.jpg,1xVoMPGf84UjAsEqSwpXLVDPVN3H91sPj
69a.jpg,1bAx4zSMupt7fwCPMj5xYtzgsKEFQ3tzS
69b.jpg,1zikiZQrmCnDczF-K0T0O9o7ZDqC01oId
69c.jpg,1vr-rGJ4_KD-dKnBkWPQYKeUdsrATZoXR
69d.jpg,1A5v-dAFSXeEMWO68NJAJVP-IrX2SAvZ4
69e.jpg,1u4iE44v_JVU54972gvdaTc-rxA_20XGm
69f.jpg,1SbIQobIDVAWQZoAK_Botb6sZxzxjQA0o
69g.jpg,1kopBkfiWCrgGbLoY1BGZqjQIecgfill4
69h.jpg,15kxc5K1iokffzqz0_rARBnagb5C4zPF6
69i.jpg,1IwIkQf4hY7w6WqaMKArBRFmQqkvASz8C
69j.jpg,1jZGEJYA-1SpHbvnmbvGbxIZA8GMH4CxD
69k.jpg,16DBuGdmYI9pNM56j5BeyDvg6kOX0yR63
69l.jpg,1wIBASENczQGmEE8AhHdALHlobNfkdFj4
70a.jpg,1FZe2GbbyBx6FHH8rk8Y9rdMXzo7vb_eE
70b.jpg,1c4SyI9OR8hXHO_2dT_wU4IiMyZtRhjud
70c.jpg,1pMeVqkni2vT3plRv3L410n13a9h0Bw3S
70d.jpg,1zYTkOOz6JWmHJUJytguDqZbPr1YrvGk6
70e.jpg,19pt3C7kNxVxNfzMne-IU78S9fqmRstwe
70f.jpg,1Dp9_8zoHcUhKeQRdZ_RDb1mMJj701fas
70g.jpg,1-72yD2IsL2DbKoMWPU8Gz1V-bIX9H9xo
70h.jpg,1tRaMZPtmIuNDyy2bgRUp0a5vZAQaU1W4
70i.jpg,11q8k4ZgGc3YLapgjduNzK6uMwLVYoGge
71a.jpg,1dtoWm3lS2rJfuNst0QzCiohewIbEVpxp
71b.jpg,1z38CfxAJRH6KXTzGEi1805-j5EqstWJI
71c.jpg,1J6VUSik4TdPSwxIywUNpkIKmSHaEmRcM
71d.jpg,1VsLXCJnmnQ9VvC5y-yXS86E9VITL4kmF
71e.jpg,11pyZWq-Dm1OjITX2bXDwvFQye74awvv2
71f.jpg,1qGhQFiYU9tgdCdHqO2R_ovml1FEamIZh
71g.jpg,1f5rYOfkzSg0mFAnqw7WxDcXg3t82MAd9
71h.jpg,12A56KZvXiyZqiKmacWuXPZszW-Jo_zvr
71i.jpg,1F2Hq8INwmwNTi0m3Kja4rEJveh9TSo9Q
71j.jpg,1RY_cH33qnYim3GM05zIpMpVBhdRZIA_i
72a.jpg,1gZqPeCTjvLRGo8cCDqBllYC7aC1pyajE
72b.jpg,1NNm8NtwrMVHoiQZcexCQzGne9LtEwSKS
72c.jpg,1E6eJl4RPr8NDCwyrcIzsQGRp-f6kyxPA
72d.jpg,1zljky4cBBa_gxkKRngQzJp7WoVS5WUXM
72e.jpg,1uOSqXFTB5EeYdWbmat6z_yJrz4AzvEVB
72f.jpg,1Gzg-3s-pGgTZARNDNBybq-S582TUZiaq
72g.jpg,1b0eXZaQfS1nZM0FK0hI517_d9irlbhRn
72h.jpg,1Fjtspla20CH2ktNeHeuM4OC-wUBz4bgR
72i.jpg,1_MxA78YhKY_bxgEG34IbG1fmyfrUe2Dd
72j.jpg,1aICq0eIk_kq80tzxcAUE16BacVSkl2O5
73a.jpg,1HTNVEOBQvHUncNKeCvtqNtv0I2uZGsfQ
73b.jpg,1K3adxWbaX5NNh3kU3fowObHSGmdFPivD
73c.jpg,1T1L3es6LDWMISU3OMYvqhWMhkB2mEGLE
73d.jpg,1XhuDjWJeahq_L36RdIXAzsjECjeOUXYi
73e.jpg,1vkmDOCLnPWL5uqHcADAAWKvKhQUVn4wP
73f.jpg,1p0KX8tnJA6sWfgZCBwncx1P1PgFHKpQp
73g.jpg,1jjrq_FPUs4a9XKsdQU89Td9iSB3gBfky
73h.jpg,14EroA89tuWyMgLdy4ebKjFEVw5RVvIlA
73i.jpg,1TUDjmWFstaLur3ZvgAuO1hbe870_oga_
74a.jpg,1h4-On9nYU8jEduFoLd7pyO-POw1KrzdQ
74b.jpg,1F7DfOhKje0OXOV4FsBtHhN9-FxZCou_O
74c.jpg,1ztGnWHBJlu9n8YjCYw4jhfmBxgr109dz
74d.jpg,1xX0J_REGL5DSReiJwbqtjCJWR7IpQMgX
74e.jpg,1Mdr5UW8aV1yBXNsI0KdFbldZGlTSM1cn
74f.jpg,18Hk6okCt0WBNbBb9wmUZ2x2xVukr97ql
74g.jpg,1fizJJT9oLiW4OkSN8j3dGJi8BAeVHj5G
74h.jpg,1eTlEB2qR3N9VmXjs10_eg99ZzJellt7B
74i.jpg,1GyfPEeYJSyH3eqzpOpfeYeXKEMFsojyg
74j.jpg,1TZZtSUlqDc1YhSQrRWzSoKY60yflYLkJ
74k.jpg,196T_h8Hvc7C4jceoe2EORkQbIKF3BXwU
75a.jpg,1AfWrxoWRMXgGEiQVOrKm6rjbpNNIJaNf
75b.jpg,1yNsSBjPH0pOY-fgfiXyJhD1s4iogufq-
75c.jpg,1oi-qqCH2pdw3jLsDoUvzcRCFprxfd5Nr
75d.jpg,102sj98NPApwlI0rR8uegDoWtc_Dm3wlX
75e.jpg,1ewUNB3I2CsFPWvBHvDPBX--nWMr-HxlZ
75f.jpg,1EeAO4tgRNeqENVFJplvBBC9SpbZ0eati
75g.jpg,18GReLlWBDpwGtvr5wnCp47WuKU75M3mm
75h.jpg,1o7sVVccG7zUT7R02-sD3TAUlz_K8NYnT
75i.jpg,1eAP8LvPv2s_jYHN96801XamBY7DVo6rt
75j.jpg,1h3RdSEw93YgSJwsEtUeba1y7i1jjg15W
76a.jpg,159nG-Dattfqkp91wfmjK2v-fCLv1qLiU
76b.jpg,1BGKqgNWFuos1u9U496WBJqoPIz8oqB5B
76c.jpg,1rTNxzTd5jOglxGhqPtPviC60IP-vi1H4
76d.jpg,1ZuY85zPO07q8rRm9XMesUEBcnw23UOXi
76e.jpg,1dOGpScKXxIsA6LIFBfSpsJys-wfC-2mf
76f.jpg,17-gs__nDMmrkclp1ZR7lHhzdY6f25hF-
76g.jpg,1zD4Cfkc2FUhq7kbuLETlrkg6gat14LIL
76h.jpg,17alp-ThxLo4diUxmpOfyMd6h2NYNVve_
76i.jpg,1nU33bL7gfMghKXH9U7gLwvwsF0xLyEQi
76j.jpg,1sqZBPI39wBGucGQx3w7QqGX4KVRaW4-a
77a.jpg,1FqBHmqrYcfqMZPD1kWuQjxvtLdRLemSn
77b.jpg,1DLNAQWp3YUeDNelqjMALSG7a3WlKSE16
77c.jpg,1ntf7UuFdbgzDCFVs5t8CrAF5WBdWbbS8
77d.jpg,1UbPPgjCP-nIuLo5mU7_Ulkxw57no5mt_
77e.jpg,1er_JGqB4PfIdj8pERO51aMLHZqepEG0b
77f.jpg,1tc96gpfdDI4uy0q5FLmYPoDDLtITX65r
77g.jpg,1MDlr5zfAB1eeUCL_aAdbXNjbIVQn3HFQ
77h.jpg,151S49bMXxaDMw9zqigXL6fy2ZaOMvbGB
78a.jpg,1ZI1grUzEK50y1M9z3d8aEY-jw9Tkki_s
78b.jpg,16otyk2AHGZ4qk3kaMrm8tztpo4QgUmBO
78c.jpg,1GyKld1eoHh3JMyR6GkhQ3_SEyHawDDcI
78d.jpg,1-gFwwbbSc0lK87pv_3oyyJFvMsQW-k-A
78e.jpg,1cVbgfczHn8ohhqLt0gUrFFa1TcL24XHC
78f.jpg,1QSc91eR7E5FocGfMJdiWx9qJlptPAGuL
78g.jpg,1u8ZIdTEVcsjfGqhhJFE9zK6bTT9XLg24
78h.jpg,1RAmzS9AX-60W7nG2bkeWDUO5D_Whycy4
78i.jpg,1OOQjs2rYy1Y1YCKU5dZl_o9HMjPF_CO-
79a.jpg,1_8IZy1tAiP6nIiSKFBt5KkWhXOukP45s
79b.jpg,1oqcreQsp2N4CfdRr5RXXvVqAc0ojomUm
79c.jpg,1UxZtAFhUF4bCdaMS34vcdCJZR-857KFa
79d.jpg,1BkRxkvUoQPaz7EHVIfT0Vv2ZM365ji65
79e.jpg,1dbV35NtvkgUfwO_vJ10ulaakiTLpP9oV
79f.jpg,1GZLyUefjGwjhqt_b6tlAZw1kX7nUd5Sw
79g.jpg,13pyrjoKKg1Ji_hBQwCJEnyPiT_geLibY
79h.jpg,1P2T2rAMrN9kjIq18yMM1HJ_nusMs7UNU
79i.jpg,1MHiSd70AwW5cXGDt6miGVzuuzWxtfdiy
79j.jpg,14f1oQnJYzm2HAj7pOvnuWpRrkbQjsVAP
80a.jpg,1Cz8m7hUYKJ5ho-3aosHDOcsW4XLDDz2V
80b.jpg,1dPyAdXmxPoUxnX4Fu6mWP1HGOmWwWi9l
80c.jpg,1USa_Rek9GkhxZGAPzdOqlKtxHp7JfXJY
80d.jpg,1ZUJ_MCGLRl6X43Iv9oKMEqBuySzeKDeQ
80e.jpg,1g13YeaFpSrIdxa84BvLYtn9mMqVPy19A
80f.jpg,1z3cljz-lU7U4Lmuzm2Y2qFoItX5HZujv
80g.jpg,1l-Aon_Igx7HBenIyRNBswrqEXZzjtHc8
80h.jpg,1FKw7BsNXhf8CE0CWNU3kqbVbsFxoRWCz
81a.jpg,1aYwKxBJAwwdzFlnzq07VIPLF9V26SP8b
81b.jpg,1TlnaPWD8FZL15kVGUgoaCLopGBlhJmHQ
81c.jpg,1q6MP2303P6ybk49DO3E_Ma3UampddmNI
81d.jpg,1PCOAxZfx4uLMg-DParUdHEYDD1gRwmXH
81e.jpg,1ButdjZb2BDZgGVgI0oZNfs2YnCU4TkTM
81f.jpg,1Y0JTIokS5tGzfI5toYnn3L2wiRxRCOS6
81g.jpg,1cVplW__TO5DTmwL9-0W1WoXw3PIeS6Dq
81h.jpg,1N0Q0pwDaIWiWtl1Ydru-jR6RFxfbwkIV
81i.jpg,1YhAoUw0-gAUePiRXodhwzOBoDzb-WN7E
81j.jpg,1uOw7ccFsNmG2girtAqM-rY5HhxuYFah9
81k.jpg,1vcb-toYTCrMTS-53tPobNHyo2raG4SCc
81l.jpg,1fsLVBntxRw7xpnCDoTr3EnP2MJYbaUb_
82a.jpg,1rAREfek7JTQEbNibjy3IGf6wM_5R6gNM
82b.jpg,1JHtVYD_zfR4tR_mRmpLf0i5ONU6aMpyc
82c.jpg,1ZowgHCxKcJk__2bXjNC_S9AoypqCOkXm
82d.jpg,16Ilj2XnSEPCXCsxcEhGexwfhR0j40b0s
82e.jpg,1DQMgAWUUPVdubHa_lUzGEIZ1q8QgyNKX
82f.jpg,1S68ewmoXef3P2x_oDgjM13rXE90khtKA
82g.jpg,11ZSHv6f_MMe8C9h71q2AsXukMsUxhusK
82h.jpg,14JcjhZFlapH0PUs2IghgRUEohoJ8Ctq6
82i.jpg,1WrlbhJOaOisoWmm9gmKs56VoDhlzt56Z
82j.jpg,1PVTCdPaB4NmKp4hLAa-4_Ie_2Cfh0w8l
82k.jpg,1-0MGHjNIK_HC7zjnChBifceHorSFxugi
83a.jpg,1_UmID56SpRqh0HOtUSWYnnj8wBf4v3kB
83b.jpg,1g_NFvtnbtbV2LqT0UlzFlPq1Ut39vOfs
83c.jpg,1AXbC09y7ZDZqjSP8nQZf8wbNlsS2VfrM
83d.jpg,17-2mCeotIV4TbUe33tQlxWYUM61yuNFR
83e.jpg,1RUvUXNZIuTLRP8V2lAERgDmfGQyjSK2V
83f.jpg,1BU7qTXqNwZYH_iLJUzxV9UFHjoVbjzbZ
83g.jpg,1_ZdlJ78UADdpFOP_WHanwgKtMxot6sEg
83h.jpg,1kt_Gn_TMqRav3FtI8qFJsv-M8bpUm9oz
83i.jpg,1Tplh236SCW-9lqOcy37EtjkDc18JN1p0
83j.jpg,1fK-GyaO6O9UPNx3VyyE66f0p4yrYuemG
83k.jpg,1t6Phh4MzgaHZ4eUanylvXZmV87pxWDmF
83l.jpg,1dDsoJoxFPHex8I-ZNKETxm_WsgAa8tc4
84a.jpg,1i5lbwvtwuL-x43T2rB1bQpMtuQinBv_k
84b.jpg,1miNgr2PXIU9_q4YjgjPr_s4NYon85n2O
84c.jpg,1AQjQQ8DG0gpT0k2lkZk6md1FmnKT5COB
84d.jpg,1mXAJFZUbbOXYxHJe3YacPVQ83n_T6A-v
84e.jpg,1NW-0WXJzuf2KmBb5XjKjFX_4bo3sWWJy
84f.jpg,1V9WXEA1tfCeQQO4iIyWPvaM1zP8p3ZN0
84g.jpg,1gypi0Y5IDeTg_ODBBHE4MWIVGEAenEDH
84h.jpg,1050A7rv-yQuaw0b0xwTYygxFiaDvM-jA
84i.jpg,1QSv9XRocYJmWXi1cGeRrjNQuwezFRWUu
85a.jpg,1OFObzbAr2ChQLjscb9Uc6_rghLGJMOpn
85b.jpg,1xIE0RcSj1qU-khneWyIfQoYXe0Ti9JN0
85c.jpg,1F7-MEF1gv3drRDpIUXYZ9DWvuRLv8_N0
85d.jpg,1JjIOYltBl6tCai7QaIN7ASTzEzrVAZqS
85e.jpg,1K2IMSsaTPtHsJoAvu_UgC006ZYH7ne3V
85f.jpg,1NW21OdKnms65QQYxQrbhrpRMNEj_1OM8
85g.jpg,1mHg2H3-Zq-8gJfcPEvVuSbPQjSfaTf1k
85h.jpg,1bbaNSHq3aMpAl36nzLq2d2cOnglmgAQa
85i.jpg,1yM5lkDP6unzbfZL-vNSYaxieKdPY8hmQ
86a.jpg,1oVaBLVSHi911oemhhYylTQ-IONk8RKlz
86b.jpg,1y20J3DUvfYxirUz0bFEmlD_6GYMvLsgi
86c.jpg,16Hk1-Iom2CHpCBCxBkeoRQ39oW4vdRWF
86d.jpg,1eUYFjvdU7gydTaynAAGdgU73-gAWivFT
86e.jpg,1DseGe5fm0gtkSKs0lnDlZjwX-J0HFRXE
86f.jpg,1vaN3PVEqpXwgWx2fmVOpy0sC27lcA1Im
86g.jpg,136-uL57TbSBSbRjRzi-2tuNiQTV6i8IG
86h.jpg,1FNlwz-WcOHYOxfqseXEnKGyyGRwhLLFZ
86i.jpg,19N0CpZkYGe3vKiF5Ajz27_gvbBjILTnh
86j.jpg,1K2-2naECVVBs92fc_QK3yGSv3RfomTt-
86k.jpg,1kFPuKqpo_EiFsBG6NuMbCkHao0evEKR3
87a.jpg,107G2g_ABoP5RE3VYctdUJDeCoBbqRMTg
87b.jpg,15hO9zQKxFeH5tkUa2MTbWkdzS8STARkX
87c.jpg,1s4B7vKW_A6DysebIgEsMjWSiWuDmbja9
87d.jpg,1HQBYFzrZOm5XrvCMWWDlVeDcR-mQjQdM
87e.jpg,1PUEs5guLk6vA0jL7TqHWa7RumJAuUDbZ
87f.jpg,1YLJ34KTyBpHyyRPejK8cVhiN9rxwDRCW
87g.jpg,11GcAhsVtHrX8E2oIsVu1r8peX_XmJ-oA
87h.jpg,19PByqIb0dsw6oA6WKon3MDAteyM9mRo8
87i.jpg,14bPYdLuuF8gBtgFWSMLje6J0p6OCARtX
87j.jpg,1cvL5bRuVt7IdACbwdUvIYXyqseGjTf4z
87k.jpg,12JWYDKCYr_I0yliYIXx1-iB3cF1rnFgw
88a.jpg,1hEfJf-ukLaPb2P36iBYCYtKjf6H0H8cO
88b.jpg,1Lun26MBXs_AFBwWxjD8hivpD6DgfOH3B
88c.jpg,1_apesTnpaKVcf29cpuaTssdlmQt0eIXE
88d.jpg,15AtVD0-_29O0Tj5EywqwWfG6P833oWGa
88e.jpg,17xukl924B4ad8BGjx8WftOaMU0dCi5R7
88f.jpg,1u4cUX4MVmbRclzjc4gSotheMuS9AJ7nm
88g.jpg,1uN94fMcAw_2_PgLQDbEim9rz2owv6gWW
88h.jpg,18y9s61KI5zc2PeNMPkasjzsLpHzb4QIT
88i.jpg,1AKwm11h0ljRez42DP36lo_kmWzFSbIca
88j.jpg,1EEcMC8A4uSXfpix-BBxF1z7asNrQNzEL
88k.jpg,1FFNTOfFhqSOVpZ82T6f8P3FRYz6_w3RH
88l.jpg,15u2xgYQzxNVqCuXjNwzWCMBWHbWH802Y
89a.jpg,1Tdi51UYt1BusZYm3Yw_kgGXf70m_-tDH
89b.jpg,15xwU6E0WKx57ICa6y36p0IZ3KqffPsgg
89c.jpg,1RaiW6WQY4DP8LlCDFS1bbE9bhMgr-NG4
89d.jpg,1_sMiA54qpX8FbKYRZuraKKcaq1JlegTJ
89e.jpg,1puBHVS46GrM1W_5FAvlzEcGdDnpriTID
89f.jpg,1GkPKa9LdaLTF-8SIdf1hiUmMhhsBTYtv
89g.jpg,1nANOSBcS1jFyPjiaB5rSY75FUQeGNgo2
89h.jpg,15RaTtZ9teOLcRVJt8aVUj1NatdnAc5zk
89i.jpg,1NxtT6U37m4PP_Sg5wTYvLLjBOaoACvnk
90a.jpg,1tv8_33Nu9KjJCfY_EYthdd9K0GWsnxKz
90b.jpg,1XC-RFboYVFvwMnu2SQIk6LNEmThBzXaH
90c.jpg,1ov4_C7FMI_lvallN04k9RsEOPjU2xhWd
90d.jpg,1-gp0LZgBBfvUA0IvPF_1U4ZhcOslNNoq
90e.jpg,1Ebdz_0fPwAhE7TN3WNVdU16osuZVlgn2
90f.jpg,1Yh60sbOkjpZ4z0UJvL_lBNNpQqgiRVUY
90g.jpg,141B_cXC-B8A1OG0c5uyB1Xho7Zz32V_Q
90h.jpg,1xRIKkbbE6PR0iFWvAa0L07dMep3WxoPg
90i.jpg,1lNQYHzfUC4hNpTRa3Bbjo_OWUTxnfWdY
91a.jpg,1UEVxWWtReU9IXanBsNY34SLzLsxsdyBO
91b.jpg,1a6YStcDrTuhJt33QKSczeCuSpv0_gKGh
91c.jpg,19WK1yQRpsaf3CBxHDPdE1wUwp6-iQ2VD
91d.jpg,1HB2ipPDJh3PMtCFM4TCepGvHZDrkewkm
91e.jpg,1LNMWYxMOWLw9TIBX-NjJw1s4038DIzxP
91f.jpg,1yDe-_y2NWYKTDYqia5_eXmhw8V3Epo2V
91g.jpg,1NHtpfERu25ZgYIp5LxesOAcTy1BEjHb0
91h.jpg,1Bqxw1hKAQkNm0cmfHozZO4TGWaiSb0Ro
91i.jpg,19rOEoxyqHZ_KmzgBdvgYAOVCHkgc0d1V
92a.jpg,1CNU2KkIKS5yE0VeMDHmMV9K172WNR_Mb
92b.jpg,1Jw7UlkEezZXV3jrx1TvJWOsNvcfw6riG
92c.jpg,13fFV8wEZKMhuaIqTvaf5kYYYBdpR4xdb
92d.jpg,1I3sURxtB3O80zGzO58SqR0scmiE8HZyt
92e.jpg,1k1A_hETanF6-idaDxdQp07Uugsw7iVst
92f.jpg,1UAB47As4IdL4-wW8ndyH3TpVEPyujra0
92g.jpg,1U1-JZvVww2Fz7ZFAsRQeNyAASnSFlCeA
92h.jpg,15YBGS-Phq9LqNjJOqHFHUFYu3RZBoXvU
92i.jpg,1nUbXsyWWZP6ExwGl8Lbu2Drw_5hxPSKV
93a.jpg,1Ylxnm9qSh1QlnTu3tfkr4GXgimMioQIl
93b.jpg,12VKqP5WYIqbMFliJsBnbzd9BF4w5oWG3
93c.jpg,1IV6zu8d4VxzMckx64NNpIdPoBwGWxaUG
93d.jpg,1TwIut0yyqe0Z6yn9tLxLX8WJb6veLlTW
93e.jpg,1EKtTBVmUa2_KNUhbnG_pxBLmEc891DKq
93f.jpg,1pO31UE2a0GE15YbfhnDfkBGpibinyo73
93g.jpg,1ylZlJCToM13cJL6o7wQ1H-Ai6jdpkKVF
93h.jpg,1JdPtPt29yddbO9vR31AmIJZyJBR0k78Q
93i.jpg,1dRnmCFQ6e2JRbqS3Pw8ca7sQdC16nKtH
94a.jpg,1dvJpuZOEEZszLSui-Cr_JTdZ9_lQQCv9
94b.jpg,1uOzrLXGoMJQGwLVa1eLpU_kYTt4m2FvT
94c.jpg,1M9aZ1Ze063_QySH19A05AEcgXRPNOWnP
94d.jpg,1wgBReOA-HPM5h-GoLSNy7K6VO6bqTDqY
94e.jpg,1JPcFJH_QpdG1_J1OTPosdmGx-Y6Oy_00
94f.jpg,1dih60EECKm6gtSblPxzMIvm35hAHv2lU
94g.jpg,1oOX0r3bp4Y4GBohYv_L0vtVuuuwHBymI
94h.jpg,1XlKW_hhilsbcq9DxWZ0R5yJNuDgJ_zmE
94i.jpg,1JJ-mTJ6teI8a935hXtzLNvPBhkpSLV2F
94j.jpg,1E8lw3Ot6rEdRj-oGQLPSGtVuWdnOc35r
95a.jpg,1r1begcUJ2RXTwJkPT2oM2rgc1o6duzUm
95b.jpg,1cgvaRtkg_zORnx3cRXWH2d0o_LHSTOvJ
95c.jpg,1JMDVpopHS2DaxCRtcaQPrFtnaYHyX7ek
95d.jpg,1iMkS8_KWj82jx2wKMM4qi8LnNbE71Jaq
95e.jpg,186fRGdBAW_Z2Zu28fcuZn1cpSYCT2l4U
95f.jpg,1HwLbHx1ZPokEQRgDeJyU9Veg7r59h6BK
95g.jpg,1TJR6XjTA6wUdBbpIjq7SfS5y3TxGDvAK
95h.jpg,1UieLJMRtWYfE8_96St_h9E-pHU9ioqSz
96a.jpg,1e-C_WgTjvwgYDklJyWGQIH7gkPqcTJO_
96b.jpg,1es80u2kdHnStb8o_HgkluZBRC4MixVrk
96c.jpg,1_8fHZmuTNf07oPKIUnvAoX4GYMEnJdkQ
96d.jpg,1kPTNQi3Wuqhz02ip5VqRQd5-pJ-P7Q7F
96e.jpg,1UniD-vjBmUpNvSaIy2rsKd0YNGqzJ8YV
96f.jpg,1PfrqoXcAAvHSn566W_oQb9AGyAo6A9uq
96g.jpg,1cP-sd1d18ZWMBGp-L5PMWFGs3LvBi0aH
96h.jpg,1kP9xagzxYCISQKsFO-uIJa1ygi0YdhgI
96i.jpg,1hf6NinvYUAPqUoSa2eM6mTHbZrBI3Hgo
96j.jpg,1bVlP6MWi6sXHipxX--INHdo2DuZa6yCR
97a.jpg,1qmU0B8pDanPTECrkZZhfEjKwsE4Ishe9
97b.jpg,1N4HX3qp0fTt-TPpTZU4h5JA3CfivgsgX
97c.jpg,1zsCDXC7Wy6XSiliNxmH576-YLT4NVHDd
97d.jpg,14jVzFjDX0ueob3b4XsB7HFVJU1MwRkOw
97e.jpg,152VlzVMduGXysq97ZYMZnM1vzguwTsGP
97f.jpg,15DQDCXMh1hT6eHj0KKSFY4KJfncD7UNT
97g.jpg,1BUL2-2Cki6k5435mYdTABQiFhtIgsxrZ
97h.jpg,1ykI5kWkUnCL0jlrU5ROhnUmFiFAO2LLj
98a.jpg,1sNjAU0vUC0eINJCmjWlhI89O5-8HV-mH
98b.jpg,1y8thu-ynV6LIO-7-rr1N6lTqYGbrv3gV
98c.jpg,1T5oTKM5u2KPYjXsqezKfJ4NW9inlnTvo
98d.jpg,11cz8cHUr5twzUyMQmYRxgeb5rDCZfzpJ
98e.jpg,1DzGduavsse00_EgOD2QnbRdAjIiN32M7
98f.jpg,1YDfrYulMzSQAe01h3wKGDL1haVSrMN20
98g.jpg,1WkRATfook8qpaNBOFUwrG0gR51LQ1u-B
98h.jpg,13q0xozJukCrZHKQZOS_s9GUofwNd1YcL
98i.jpg,19apONGphUs7Nb5Yfdz-ZFWpZtFzcc8N0
98j.jpg,1NXp_iPytQxpUqjWTW-2CtL8gN93Jifo9
99a.jpg,1RuCzlBgAS2f2EWGoRRjuqX-0nVrdP0rY
99b.jpg,15qgAsmpcV3IKygZZZcbUEcX5WRx4zJqE
99c.jpg,1MLgYvhk3ULDEafGJN88VDK22eGtWhzd_
99d.jpg,1nIOoY8O18_Zv1wc3CwvgSEFa7a0vneAN
99e.jpg,1t_zHaForGjq3JwpcJqyJnweMWx8a8JA3
99f.jpg,1rJXIq3nwK9Wn1vzZIE0rHevoyf0ZPgT_
99g.jpg,1lTHEe5K3ZntMjwY2-2sVxYlWfDiB8fCs
99h.jpg,1PxiO3AyTseJdGAhwFrv6FUbdbgvwEMGq
99i.jpg,1Mh1Wb_PeSHHpSzGmT8-SFkzB3GLVEAW5
99j.jpg,1IkdzXuTpAEohVqYpylTuy1y_WocnXy2w
99k.jpg,1lCmKWDguoja9coMtpLMZikmQRwV3Y0Zz
100a.jpg,1xKt4DOwTE73j2i-P8QhWmgovnP8sj-kc
100b.jpg,1gOTolCWdORfLqXBlhbw0PXHt_-fk2sFj
100c.jpg,1pdcfLRLTSV11dp0LsDHt2-TWG5Otma5m
100d.jpg,1fA-mARoUoRoekO_-bhLKLRztY-3djlKs
100e.jpg,1d4tKlXBn8qW5vVK0k8-1pjY7YdroDGPC
100f.jpg,1BivuWAWARLEOx4cwgN3Z1pfZRbB52y03
100g.jpg,1cqXvQN9VeruBkuIP5lwg6ZQ1HzolfdtZ
100h.jpg,12C0V2pdhARFZtZxBZelS8gbxyjUkoR-N
100i.jpg,1FfloDpddaBDfpITGcJDNF-JLTGgYaB6K
100j.jpg,1swohSrjVwqu7wb8Yk-Vu7iPAto90hxS4
101a.jpg,1OBL5GzTRDA2P0m76tTKgYcItIX3JrkRN
101b.jpg,1rRdWUlWQjdyEm2ZcOmtnnpB9a4tQGKHl
101c.jpg,1zEkMbZveWPJCMoIh6r2irPfB4Hobdwbt
101d.jpg,1OIFmuTYmOAqsUxf3qaUy4n0sZPLVEgit
101e.jpg,1CDYQa8DWun1N7eLiJHQydBHooHxbttlz
101f.jpg,1rRfv5HIOj6v7EP0eEMggIhr9NtmtSV0b
101g.jpg,1934n3piRfBeJtFz6PUW_CxQFAJL59pnW
101h.jpg,1tycsJSZaiioPp8NtkN4hmYzD7_1Nm4n3
101i.jpg,1vm4ltb1U3RWbt0Tk0jRK9_H7u-0Qwf7P
101j.jpg,1Chv4B2RTtoiifyCIJgvy95NuqU3cpSwj
101k.jpg,1cP8GkA4oedE4-kxYQUDnyhe_A3nN0_Fr
102a.jpg,1eaqD2Lye3TtAAjuWXl_th3iq7alDtYcl
102b.jpg,1d3ldNa0wDvxxKMytRzUgSBcCiCK0qHWE
102c.jpg,1mtwwg4zSjNzwMHRQNvm511q_oeFlX9KM
102d.jpg,1-0X7Ay_GOChGZ10aFe8NxAVeo23Q6GOo
102e.jpg,19UnRpT1ZJ40-NGD87emqWKDMBW2lqxkJ
102f.jpg,1npcEeyLggIacGiEjGhBA_Rl3dG8n88xJ
102g.jpg,1v8U9qdOd4-Gnst97di1LmgeLi52G-OUH
102h.jpg,1kn4nYuFP7GR2p9K4FwcuhnW1FqeaTj0J
102i.jpg,1f2j7wGH2IOBGCXVsmUQdO4QkDFKV5wzY
102j.jpg,1hn4r8AwW0D5Her8mJeGRF1prfk2Nbk74
102k.jpg,1z0Q7KLnDnmk7-Ins7qPWYQQDTGVKW0hn
102l.jpg,1BOsJD2gOuaEVWtaerWR0orPI-zzZNthv
103a.jpg,1VbWoQovWwt-IlU7kvqHO4SGKZ7HxdwlF
103b.jpg,1rjCEVgB-MfJObIfCumKMlUFQmsoN9qM1
103c.jpg,1KgbIRNJKSkXRI4YlE0J3f4783y9-lVDV
103d.jpg,1yJ4OX-Ev1sy_3U5HvFaPJuV8xThS4m0g
103e.jpg,1SHK41xydy7yZvV1pg9JtlHDcN83-1izC
103f.jpg,10svdSXrqhhW7ZoOKfi8jRxgpi9JJ6yjD
103g.jpg,1mNSmoY8WBpBYvUyeYbQGKgZqVd5nn20-
103h.jpg,1ZjLEm8pKEXi3jDc25tjGBY-tcXCPld2w
104a.jpg,1PM3cEKZ5_qhqfhPYA_hsjNthVOGLfQJt
104b.jpg,1-d6ESosSW680D7Yosk_AFveBkMnQufSJ
104c.jpg,1IE_vMwaeSxNxHrFOTvU1Cp0Fcm92tUeb
104d.jpg,1fRlkg3CDEfyhRsSdbkJEe1MhuuOCYZBF
104e.jpg,15T7eHHGI9KW1sgiX7qj6cy8JdRxE8BvZ
104f.jpg,1DrdJ5I3tif9dqGCaf8eGGcB5-FWOiEJY
104g.jpg,1v8_LeGxjIsa-i8qADGxsuxMLTzvlKjG0
104h.jpg,1TqnNbAcMGT1Z6nRFf4ir5nd1ZWrqX_Om
104i.jpg,1BQ0EW1byudnsRUyUBwteG_QoRCS1iSoI
104j.jpg,1oje4iyrr6cp0AWbUb6m3J8nfed-CgMHX
104k.jpg,1GqikeB98XKN3CNpR5-7c3B02qccaU9Bu
105a.jpg,1ioji0Pk-K-LpjZTSmwrbbavPrBQsIPYL
105b.jpg,1EXD3rSFBUBcYh42f8lakdy6ioNsv_N67
105c.jpg,10a0R60t3CPABspL-e0LodUGmv6GgpNgY
105d.jpg,1JJkm3DBP1A6nehyqUDUpc_9zfSOxuY4_
105e.jpg,1sACbe190YqXyvCqKBo7TvVQj8yE_3qhf
105f.jpg,11TYNBltUNhti6f3hOHzePvLpKVU70n_l
105g.jpg,1vwsx-6Xt6WouP24vQx3SXjUb5oIVosmI
105h.jpg,1l5K22NjAcezp-6Ekeaa988ayEipBx4TB
105i.jpg,1usGRDxazf6QIlYrMIOFM4lLVqrwaZpsA
105j.jpg,1vgKlWsPqYpqUuhTkdC8Nmyei3EGP4hmY
106a.jpg,1p9KINUPepkhADstNAsFG178pq1ZjW_gH
106b.jpg,1rBtJ_89LFJezNK2qJ3PysYMjQe4Y7XK9
106c.jpg,1BSwaicWUI3-UJIiV1U9RSyJsD3lTE6Fk
106d.jpg,1-hHY_BenF-wzyjUkLSmhist6bkfDSBaK
106e.jpg,1-7nLOS1dKP8xEk1LY8kJg9co1hFAGSPs
106f.jpg,1WPeFFrAL20P8EnGpBbUaVBcSpfDoLHRg
106g.jpg,1lx67bfX1PbjsHbAAKiiVPVOHLfLBSWlL
106h.jpg,1ABmPLjo0ruY8aBIMpnwk8v9x01PqHYVF
106i.jpg,1NBBAlB7w2yfdXRDO812cYqDrB8w02Qs3
106j.jpg,1Rhd41-lIz8fpwFexppwPiENdNlfe6W41
106k.jpg,11qRHhwHJ0uRHi16ofgvdSHxFhB1YlQmy
106l.jpg,1_qtEktUyj-qY-VYQF5hWy4S0p47Fwiht
107a.jpg,1I_7raP6OCJzjHe8dIWEWNqL62O5W2QZJ
107b.jpg,1puTCUkiyE9QFZXt6jzzOuGDJPGG3lSD2
107c.jpg,1pjgRj37Z1DrUJucldLnYgyRRMv4a4Gco
107d.jpg,1qdhKJ2quxs2yEco9RCA076AIBm0OiI_3
107e.jpg,1FheXFnzueKyqwFvKj-5xVZZF-ObLWmml
107f.jpg,1haI8U9_XIgUvf9tviieYJbq26spAOPPz
107g.jpg,1bfIKMbNEXduhHaN63LBQ_va8xCyC2KT1
107h.jpg,1pbUV6RAJ5gZinF4BNKMklCrQCkjojWbf
107i.jpg,16obw6EP_6F7BtJUb_uEX8B0Sh-mkWuHk
107j.jpg,13BwcPS3h5vCjD_-8ZCm74VU5FPveBSFV
107k.jpg,18GOa0GnavkuphCYiuyHdoR6FKh6Dj4wG
108a.jpg,1jMoIibJ7FMFXdAWHQGKWGWa7j63VGfHA
108b.jpg,1uhyZsGjVguY2Fxx0cgt0Vq-BCI_4WWak
108c.jpg,1BtRsjpNJXin69jvm5ucvvzRilat6zsNf
108d.jpg,1CDXLY8gO8HJwc-K8N9o4CFgZwbX4Wdu6
108e.jpg,11tsFdawZZ1jaH3gS-p9gHD8t5CziZmqX
108f.jpg,1AEbsaF0KC1fI9jJzjXdQuToTJnVLHpmH
108g.jpg,1EvVqvO0KFNNR8Zg_m5pW5lodNllqOatW
108h.jpg,1VoFId5L41DEas3M6WLetHNdEfj3tzLMz
108i.jpg,1b5TsHoztMaUaH01mvG5vPnl6U1VckWJ-
108j.jpg,1Ec9FTmXqSr8t6CtK4p7VOh83isBdynLg
109a.jpg,166fyZ-YwTiK1vvuJ6ZgycJkbLd6-NS-X
109b.jpg,1kaGuhoGk96zXph95awjSN029Nt6uy3W5
109c.jpg,1loEIXFtkqUSCjBg8-Oi9Oe0HAfXQerSB
109d.jpg,1Lg-wy3-9bBgDr_L31C3FF3VjSTgn4aoA
109e.jpg,1vj_IIq601JEnF_SXHH5cUXWPIOaqmwt5
109f.jpg,1NguIKKBwG010sTodQHgHkubhohyMl3p3
109g.jpg,11-CxcbmrRnJFbrveAsw4Gw8p2pa3kJhC
109h.jpg,1ojBfBaOEY4PaKSq139IZ7pNVNWZb_0Ie
109i.jpg,101kUFGuC7AaOwcpL38xk8cUDM7mnryzx
110a.jpg,1V7_M3OwqcIXH2jhADcy1InNdELctes9i
110b.jpg,1k8MXedrIkaByfdwBLqSiS0Yqv2sCtPe5
110c.jpg,1-qKBLsG6CQs5mKBtk-X3Akexa5QPSVgV
110d.jpg,1-oIbj6argViCkbq-5nW6l7-UKe9-FS60
110e.jpg,1ExDOACTRND8VlAgHiCPlt9CXEK_OyueF
110f.jpg,1uHhQBDMEFHKsGshSXRYkJgfN_LLnMac5
110g.jpg,1_Ib-7jX-FcJbixo9rHFzRIF1gYH1Z11r
110h.jpg,12nhZB6MEF2nnLDaTIeX5NGE4qZSrw_It
110i.jpg,14LiPN0qxhiiDn5Uiz1ZE8mnX8UffwEB_
110j.jpg,1shL8pmpJdD1AOvTb2MkwOpN9rkkF-Pk9
111a.jpg,1KgKcAY3sRS05LeZS8e7lJbrhxZFPK_w_
111b.jpg,1JRHQFH0VkvRfwcNGVwc70EnWJcmhwFRk
111c.jpg,1-o4UcnXkC4ihGDhoZuTi6tf8nTVImQv3
111d.jpg,1iXz8igRRJEfIHC-ese03Szyr5F7EuX_m
111e.jpg,1sOA97INyfYWWvKXG7S0iP0vnU9QqP-n7
111f.jpg,1QqiyyZNcnXRE8C0Jifv1UWzQEJGC-H_u
111g.jpg,1uKtEL_Y6zLl3CyQbJGmCjYBkHPhQYmQV
111h.jpg,11jpoF0ceBfmPSER-ZJPuGocd_97wPigh
111i.jpg,1e8AYscM-8IHzNXT8gxm0CDpRGR7vqJON
111j.jpg,1dePF2EbY-_2usNqd2u6tEgYntRMWHosL
112a.jpg,1PZdG8aOP7WZ7Pa3hvwtmEFVt3UFvIWZE
112b.jpg,1e-vwl4df1cq32cPj3mDnQt0wvAvUaz1M
112c.jpg,1ukRaQWkLBLugonjH3AiRJYlXsniGVK-y
112d.jpg,1_Dh3Hg_sokMjXrgBkvmvoa4bOaOlVpGd
112e.jpg,1dvzjXeY7C6ZCpxasV59c4iDWWYo115H3
112f.jpg,1uBBasui_0DJiQRyYD8gx9U6v4JZoNN7Q
112g.jpg,1OcBKAQ8FrxKUcUuMFYxi16AdK1lox01m
112h.jpg,13XCiknh85h3ngsb6EijCbCz89ggmtGRr
112i.jpg,1gPMJVdp3LpuyDGoeIga7Vs_zvH2Do3E5
112j.jpg,16CxiKXg-1hHIAV8OM0dHUvylYSt7_gwA
113a.jpg,10pkyZfKD_3VaJ8dkYk_BFYbNcmT4tckj
113b.jpg,1vnoiQTXNGjBwOUIQknsMNXHwjpyqe6i2
113c.jpg,175nnJkyXPd5iCHcQ8JYBWRIqHpcupMQB
113d.jpg,1cHhx6EK3EJhORVXJjksislgDnAiIw0xn
113e.jpg,1K-f3tcrPkmZyjW2kcNOANqUYM6N8vHYw
113f.jpg,1wEsPvdtIy9tcXdt97bCdh-Uz6dfHBund
113g.jpg,1ukpK-uit39wZFROnxpA10c7vpamwcSj5
113h.jpg,1RGobT6zSvi0AhlVA0eIdYMr9gRIrezPj
113i.jpg,1AMe0h71itfY_Cvu2GgWAHzsAe29Q8nIb
113j.jpg,1ngOj5ZgVqrR0hE5BCO8aqmqH-jODMUl0
114a.jpg,11wLYY48Dn_lTsBVzliAdCHSL4s-O3w4d
114b.jpg,1BXMVepzJvXczhIphdxrnuI2CjHnEdjYj
114c.jpg,1mOlU4aW9LXDCuyBIHPhGwZWGpcPYzIn8
114d.jpg,1NzANvXvug2jBofqP1TUW7xiFXSwf4LK7
114e.jpg,1T61f1nWHwqrkgHYpxbHp7EilPyKhEDPF
114f.jpg,1UAVyBoHGHVPEPh90CQZXdxcjIz9YggND
114g.jpg,1OpT1v5g3j79YdU58gi4pMWaxSM4fRd1s
114h.jpg,1gcjl-HKiZf783_-MvlsMCcmjtV_aXK4c
114i.jpg,1Z46hNAiU8xp0C_lwvU-nok5BdDJ3G82n
114j.jpg,1sMgKrKFuUv6v5drADW2i-bOR220BcoBS
115a.jpg,1JFE94z5i8vipJTdyfzS_njJiHlrdubks
115b.jpg,1Sp3j0g4qzUHvScXVaS04w5rU86e13UoE
115c.jpg,18g_VvEJO5KaYEnEqiPSPG5UlrnNQEaOA
115d.jpg,19rXWIv9otx-jAkIrwJf3lwQ3FlNcv5Ke
115e.jpg,18kCnnMOICHBponBlOn58HWmRjLvxuL6O
115f.jpg,1Uf6siVvzphY-AzJqt7fdRFnRqY0D_QkG
115g.jpg,180eeDDFowqgJPYAxjNSZIXuxkwuOrJkd
115h.jpg,1w0SViGKffBojX_h1s5C21piqGDAdxcdm
115i.jpg,1UahEGVZTU6s6U5BqoHqPGocjGswdYaGy
115j.jpg,17S_0SvbQQ1M48gUIq_AHPMV8qgLDAgWJ
115k.jpg,1Q1a7qgkGTwdOTK1Ad0fUEY8abHfVvwx9
116a.jpg,1_7XVv7W0kf6spXYuKYDXRocPFYt1Yuxy
116b.jpg,1mE65L361tBunfbxh9aHHPlioUQ42v7Yc
116c.jpg,1SJ6mIPtdg_gSCz6JVxcLJiJkYPOoDnfZ
116d.jpg,1GeXOkgQ-quBczamIfKWjbfHTWz7kTbKm
116e.jpg,1R0flWbMT00DDEpyUltYxuWEiN_ThokGk
116f.jpg,19irICtTLoSz4pWuWOYr2WXYP9judC6Ex
116g.jpg,1sYuq-7-nFBuVFdN6eQ0s26p3g5pxT28C
116h.jpg,1tHLirW9dZqoAraGBOJrlW7KsODadcnNs
116i.jpg,1Az-kTiR8EJmGULyqyptXiWpKz5_gXxaG
116j.jpg,1PrvWNXi-bhlorW6URe9w1L-vxVJ8K0FY
117a.jpg,1PR4dYFnFJCTD-gOGMX4Gl1hJFo33V6Y8
117b.jpg,1swZnU5Evke18z6J0piZ4DW8UWOPAGD3S
117c.jpg,1ycM4Lo6Af7lT4sT4dxvm-sZwgJRSQOs4
117d.jpg,1-NiwS6TnwHLO8Iilsi44RI5L1FfUp8jS
117e.jpg,1ari7AYX4UFDSVZTRZEJrhvhnJlPvaAkI
117f.jpg,1Ywu4lo_pKlf250sCNC960rtxS03bhnLL
117g.jpg,1T2LFU9jfY_ikI0EzCA_lEUr_2xaR4Is1
117h.jpg,174CpkoYxb5cy2pD9H_OOyocu0pM-3vKF
117i.jpg,1IVLM1bscTY6wt8kdj-IsN8FZBCXIelGV
118a.jpg,1K_8O6iEVeDiAtcoT1cSlirr2eBNTnKvf
118b.jpg,1hdkjtBNdrhZhHrGNukbN7M7WWNApZ3ps
118c.jpg,191gKHYovUc3sevgfvgYJBWBYBdAaKgoD
118d.jpg,1rv7FM5pkRF01lzUsZEUpnYiDxjYSvWjK
118e.jpg,1I9mAL5AvaVBzLupR-t73s_qVZjNmuNKM
118f.jpg,1ujGR6EnH9mHQMLULoeyHwncWcGE_5bIb
118g.jpg,1GP2FnqEyJx2zOXVtS6iuAtnH7UN5zR9V
118h.jpg,19I_ClU1zc2Ihdl-b0sO5A9fROHa-SkUY
118i.jpg,1blBj7Ryr1QhKRYMxnXHeTEBhhSRDtDL3
118j.jpg,1MA8i81I85s36xy82uDB0bkHcNCmjqvN-
118k.jpg,1ewigvt0nMPFoeuM75Dp8R6ao3JFSxcvE
119a.jpg,1ff64cLNzlOKWat3mXFVbPX8kFb3a5aUg
119b.jpg,1JWxTYYT9LVbPw6RqgNJjns9FkbrpEn0I
119c.jpg,1F7qmG3BeRgt58NTtb3JtQiJoovdvih8u
119d.jpg,13IrINJoP37OGnnDJgw1cTFe9Vjp0HKR3
119e.jpg,1s86P46fdsArJQMBWq3XX5Sxlg5FaATF6
119f.jpg,1d_tQEDMBJjOu3KHGftbGG4986Us9VjNB
119g.jpg,1Vr5x6HT82ABWY8ZkFGygF37OTt_xWQOl
119h.jpg,1cTjcGuJb3prBeDKTyxNt9_HgricDWwqK
119i.jpg,1qg0iDr8ZwgzafmiVLYZSKCFgoOv5AJCA
119j.jpg,1HxHI8jZR-ad_5NoxsVgXHap_i5aImt3a
119k.jpg,1vnoL5NtAy7ZOxUtDE7rfHAZFR53mky4i
119l.jpg,1yXPD0vw5ezgFIFMuFwbZb0Kkdpv_D9vS
119m.jpg,1TnMjU4IMCjBir7iKM-Qxkt0zvj1jIG5L
119n.jpg,1n0iQBhLEOEl-oqSbXiXF7HbxWaGorCaJ
119o.jpg,1pL20O6lSmz-dcObyjxRhOnzhg_BrNv-S
120a.jpg,1Y2kGVrYA9Aj1mP0fbkYxak5-NAZYugv0
120b.jpg,1HxQ3cjijYuHINjUGuRlStjeOcYo-LTOI
120c.jpg,1DP38XxVUhZ3m9samyWn-Xh8ZXPOX5Di6
120d.jpg,1ywH4G-9vp99MPntgtWVgYTzrOj8Y0PkM
120e.jpg,1llHurdHXKyBZVXvQXFpirnggQHlU_wh5
120f.jpg,1D6ksDcrQOxyRaOgiZim5Owq-u9bsPg_t
120g.jpg,1UNhz5W4kzi3ttnTvxVDvDpZ6yU71C60e
120h.jpg,1PD-EROl5ZeBk7jK6B1Y1EeV0uayr1N-B
120i.jpg,1bTvKR5bNNKbIVKeDOLMK93-CB3RBfj59
120j.jpg,1casptY-X10BaRxQr-dcsAsruMsAP6Bv-
120k.jpg,1CD7ITsuLyKc3UG9ZPLwZnvX1Wd0P7SLu
120l.jpg,1ZBMLo4AxVlVGwtB35F0ni108aNzfrV0S
121a.jpg,1Nrq5Ko8gis0t11K0ObDwg3wDD7vKkzW2
121b.jpg,1eRFulRGmgjVGLLCLYL_eyjnf3JaO1EmW
121c.jpg,1MyQUEW5yuCmO_GxxTrwKGRxMWxOIoJiz
121d.jpg,19inBYdEWcv-ajDFvlrmwMX-rBE4NxfzQ
121e.jpg,1YWilXYTvTiD8G7k_FN8nMK52fVAORBs_
121f.jpg,1q35ZTeOjI8R7yqHKs6NwOHuSpi_pXnHF
121g.jpg,1draxNePPfqEBSOpmuNVTDuGUnK8xrGt0
121h.jpg,1oO4J6QxYvkTtReAs6HVyiOSnqRrtvBF1
121i.jpg,13P1MT9KNSLYTdYLRadXAAprKp1kUz4-N
121j.jpg,1FJr9Zus8kGIueY66WTBrGpku7rs8B2gO
121k.jpg,1E9ugJ7mqxxs4gdqm5__HAy2YDDXYyQRV
121l.jpg,1fKH6pkMJrNaIXlAbKIraWHJCREg3WWG3
122a.jpg,1DnAG1JNjD-rojkRY9876zJm0M64s0L-O
122b.jpg,1QQn1ym-BBbvtpYE9h7ooccTqWA8dONkB
122c.jpg,1SxMPWY7NIyn6XVGej8ggsOWHRjmP310Q
122d.jpg,1OhFMlkMmiz4KBoPFLPiGyF_BdKUG54eF
122e.jpg,1jxF-N--UE48WPDkx7EnLF7iFMgoZst_4
122f.jpg,1OxtheNbn8NhbNuUOhQqd7qRcbGLJErYZ
122g.jpg,1pOKZnT_MRENJMQ070fDox6Ah6xqybXTS
122h.jpg,1FQV2KebMzsMWuIajtsqqy0kt0zSuZ-Bq
122i.jpg,1Hr_C-HJt-X5lEZL3i7K5GkDB40EmtEUG
123a.jpg,1T5mcK-RNB3EHsMTcSD0LkBSgGUwEga9a
123b.jpg,1yc3ctks1w3plzGIM-z-kwdXqt6IlyHQ0
123c.jpg,1s8dueNcd5h8ZxTca2mXsOO14k_z9uPT2
123d.jpg,1TBC92EBZ7tvQSbiN719D0UObTdJBbdA7
123e.jpg,1rHi1cgKbmza5CkKDw7_2ClFHnz5t8z3T
123f.jpg,1WTvX1TKZ1IHRinXwdXku60O_Xd2AV89V
123g.jpg,1vtnqGYWrbpSdNSDjmmS8lr8ZOJ1gWq_X
123h.jpg,1lryAWWKIPhQpmVCdXYAkNAuuck5GL3LC
123i.jpg,1C_1GSMjJsBdxWxM3mmmjNmRP4LRV5lH_
124a.jpg,1x87vEBgIo45AzNdYqOpkPN2CIN7UIox7
124b.jpg,1mFPh3e6_EQUIxnrTPpmTwJ-SBtgK1a4T
124c.jpg,1oVVugVnMHyy_05pVffkQLInrOOynGnVF
124d.jpg,1o90P7vZ-cerRU7jxHB6Qgeet_lfT96KX
124e.jpg,1d63HtQ1INA-jUq_8JJ5OmcXzHHOhLu7z
124f.jpg,1R2j8h-GHLgD-9fZrHAZxH8mmf9Ar_YCJ
124g.jpg,1JUD7EkLdIxz0YQ57IqAoOzwuJIn4H61j
124h.jpg,1zCOvuj83QOwfMIMNxk0p7QHzT2HxaB6Q
124i.jpg,1sCmzbN-2Tj0RrZ9_Q-o2c_2cOrD5uaeG
124j.jpg,1wog7ep1OVMHURBqcapJ7bG86rlggNZv8
125a.jpg,1mMj9xbr1lf9mUQ8jNuj1ExB4C_kBKGz4
125b.jpg,1mZOrntwUJ0imm7zpXTpnZxpDk4hu8LQt
125c.jpg,1BpfRgX0R-I-25oMFDk9uH-_6JCf9_jQQ
125d.jpg,1sKles58dY7QeyGcDJ7TZJpC8r6Gax72K
125e.jpg,1OrU4IcG8jOJCPoZmYiA84ktywtsAOwit
125f.jpg,10BjW0NibH4YBvK6ziGXshP7a4ewAIXGw
125g.jpg,1c9b7yWVA_XCpOq2fvI1HxmNnHWyr_BRh
125h.jpg,1wP_2lgLHghH6dgxSvv5KDxGmbDhdAELj
125i.jpg,1BEjJzHHuZrKNdzshVYQ3CdDx5l-Gk_Dy
125j.jpg,1c6IC5dIE2pZUFuYaAWSV8-6EMeUAgWJM
125k.jpg,1K8mx7V7hcl8P7y3BDt7G-lfZckhC13f_
126a.jpg,1IPAqnDab2_EwNAa0hjwBBeuG1-TKwAl3
126b.jpg,12Xo6FIUy9Apm1aMjMEWW16cI5DhLQ73x
126c.jpg,1U5XEaXtSLmBTgdYXOM1rbt-tgtdh26SI
126d.jpg,1cBxRmqTHVa5INAtu9nbZsQk51BXNmSDo
126e.jpg,1QRZ7dGuKI-6dPL-8_yaiI6FY5Amyf1xj
126f.jpg,17VXmPwd8rWg0ftuvav35OvlT4mkmvuxJ
126g.jpg,12SoKbrkh7D-ZcruvG0sa7Nh8A6nxfI2i
126h.jpg,1eQqUWFLphVaOkxYxPwjn4Et0WqFwzrDc
126i.jpg,1GMJbCg1UtjtqnVTO973lMP7Iltxsk_YA
126j.jpg,10JeqD_AbQlctOfKsfqQQQfAxKGzBwl2v
127a.jpg,1zqFsiHwngJzFDjc7UGrqewhBcK4-n6hu
127b.jpg,1aR1pPMuWvOUpYBscGA42xW_-lIontH5v
127c.jpg,13OlUkPgVO4EI6IOxHL9axFnWawvc-q9-
127d.jpg,19CmFvpy338scwxntLFOXoudaVHIVvBsw
127e.jpg,1lulkU7CCIuGOqSHHe1ZEbeJSosVD04_G
127f.jpg,18plL1LL1RNGEtKRCSPcah9Iai2k0tQCG
127g.jpg,1JOEx70q4guENedJ-_83gKFNq1-2LILqi
127h.jpg,1x3X5H4vAG5sq_qgabZ_uC4Kng2z4OUCX
127i.jpg,1cBJgPLg1pJIMzZ1DPPzXApYY3XjLj9QM
127j.jpg,1hu5DkBlcj10HCA5cNCsZiE_8pZh5adym
127k.jpg,1EK5t5cWOE5s2UwGxiWDtZuwA6f_UDhlz
128a.jpg,1k3iIDWvKIJSR6fXEtgE_nBxyQcY4OCJa
128b.jpg,1l4Umg2a0gmeDG0zRZcJsCIgDbsOo_NeS
128c.jpg,1nwzSes-AE4XXG1zbbN7AvQF1Sob10ukE
128d.jpg,1RrMBSNt63HHrG5ZwJ-21P3AQbzYXjU2u
128e.jpg,1kzMr-87VPcmcISGGwimhiJs0gm8vF68d
128f.jpg,1l6FBCmpUqBVPpkMS4Cf45wcgZ6IfLDys
128g.jpg,1moL5y9lqErKDlEadj2Fh51JM732VRv4U
128h.jpg,147rLAe-EWOrFRkkwZWuJ5zV3BDXRWyjB
129a.jpg,1rnOdyl4FsrkwfeB9NBUUH1q73X02OhI_
129b.jpg,1z0j_0hwEMCmJ26A1kd_xIUGcQMIN8Rqm
129c.jpg,1NVCq2j3vwca4NRDkCbLRcID49svXJL5A
129d.jpg,1t9P2GZqWzFDjMxAg3rqXg8itKO8LHo3k
129e.jpg,1UOAJ9O0aAVilQwFEvAOAaIxkkcdNVnNx
129f.jpg,1mXXWbPAMADiepD23Stmht3Z1FfXFFWyP
129g.jpg,1wuykyH1nQj1F315NKqPUk4j_NUuuutki
129h.jpg,1pgVqNFn3XgGNIxVTxJLA_vfIoM1O8iOq
129i.jpg,1PHDqU1jxXylmp6N7e3IMORQ0q_CONLgs
129j.jpg,15rblR5TZMAiTq51LPZR7l3fKsHt98w1z
129k.jpg,1e_pZwh4gyOv-F21At7k-5UEQ3Em8Rlsv
130a.jpg,1LwqtT5MbzKhtb8Z6pGc6tbKWKNhDlBN4
130b.jpg,1TIMBp1kX_GFIIdiQGlk8N_7MkAzLQ1_w
130c.jpg,1HtLrNFlIGpgFoQWbvcivsqahguAtl_vJ
130d.jpg,1kgR7JLqyTGZ0hOWgw2Dnt_o-ZvRB1FJW
130e.jpg,1-nT2yHqEIJQcPykvSmAVRU1QY3Xexeg8
130f.jpg,1cleOmna0XuIc3E54M_9OOaCy13wpihk0
130g.jpg,1nvZn89txa7pE-6c-HyxLWrfuzlnHglqX
130h.jpg,1VROMEYyUWw2SXMRvAG8wZVRwJtL0TwXu
130i.jpg,1iTM8rCFc08ON-AYM403f2Ml1qSeuEHXe
131a.jpg,1Cz42NW2dnf8rXSE-C48bBERpWp5J-qCq
131b.jpg,1HsgRcgNt7znPmKx98Vh0dfd819E3ZTWJ
131c.jpg,1FnqNC63WosBlfeBAFbj7W5uBBgTniSVp
131d.jpg,1R6dz9KphZ3j4Y2SROiWFRqqfWxGeJp2k
131e.jpg,1NPBKRqz9-R7xwCoC-1Vxt9GFA3ylhVLU
131f.jpg,1jTXWsrecjZrtHne6D714RUnBYiYdWSdU
131g.jpg,1xXLiqKIed-OFGmHkVx0S1vFJFUb8o-Or
131h.jpg,1Ox4n-SNMYJM7WomGuALNSszrUW62G2GV
131i.jpg,1wdoz9h-TDmkWRkfkPkLNNV3OdlpoGS1g
131j.jpg,1kS14KE5Fwiu5zvSfFnxeh-Hp63-lv_no
131k.jpg,19y95RCwzSJsPkPnpyi9oW2ouHmhVkQaZ
132a.jpg,1rqUPVfFVq-0ODCxmizwJZdHzHAtj0GEv
132b.jpg,1w4mjkVPSU56DpoPJlyk7CaPfm7ceYiPS
132c.jpg,1L1wUukrmqcmeXLZ3aqJFcufmFlffEFV8
132d.jpg,1jAQEXbC9RYclczqej2heuxtakP-rkwsI
132e.jpg,1m1s5-7IHkiRqAgIZ2kKAtqe_DSndW-Ss
132f.jpg,16gmkLgbrgxlv37wyYNI_TLuf5HE3C8Z-
132g.jpg,1-PzCZpJaBKvr2yMA8HYugZtAfIDF144J
132h.jpg,1EPmyqjNxhGo-29M8V623833MEpu8pqkP
132i.jpg,1BIXlMzWs1RezCdXlxIgUe3cn3OAMtlU6
133a.jpg,1-H9bb3BM9kVl1_nHoJuSmqFhB01ZieN-
133b.jpg,1zL9ZZ17xGUDUb1MirEEsoWCummeQvfAT
133c.jpg,1BC25rn6e_5mZNd6jaTsVIJq59ezHUCKB
133d.jpg,1al1jfY0kwL5SiTzaqUpG5GnePwM33EO_
133e.jpg,1okKiB95jz874yydkCQu4d38DmRUUYxeS
133f.jpg,1eHaNyCmHzix4mbzYS1LmL3DgJzY6uWHZ
133g.jpg,1z9FhzmVVoeiFw3ghqh8ObW6Fy6w8BQf3
133h.jpg,1W9JTHXVSZF6w6-Sjke14Pm9d5TbysTs6
133i.jpg,1cRIVv7cBa_T7-l0tyNbhquucJXTq8eVN
133j.jpg,1aFcU28LImg1i7mtdY7FeGE3UjUn0YJj2
133k.jpg,1kVhIBZdclJbxda2o7X_YzyTkm613eY6e
134a.jpg,1d6_0vwHnko6GXVGWpIkGxTpNuDxK6A0s
134b.jpg,1-sPnS3SxGby7OUqmax8VYvJ0rNaDWZNQ
134c.jpg,1neLDbc3XXW8vaXAvqIjc9qyNXtHZ57Ky
134d.jpg,1q53jxDZd3eLY47J2h3jwVG0wFS9e92gA
134e.jpg,1no92jE8d8-kMGEpLe81LbEi50ah-9o7g
134f.jpg,1C0VQB9sr6ly7bc0yeOnmdMMRXfBY5pv-
134g.jpg,1eSg0J1N5d-pxf5L4lNtveq6qWb6eSuSs
134h.jpg,1TcSyW-0pBjPpRmC8HpYrVfMwUTEAU9H0
134i.jpg,1xWziFJdbctqupkuu9E3QZ8_8uyqy3huJ
135a.jpg,1CzDBDE6ZS5rj20YNS4vzLclTlmWPzGtr
135b.jpg,1C_ZJZh1d_OAwzrWX2iQ_UnHYiY0-6nNW
135c.jpg,189e4BxaezKpPZ306pG61DQEEfczNrMuw
135d.jpg,1Zhs429jlpNLZLZNSt9WJBfusDm0XYbmg
135e.jpg,120HRplQZD4YoHTYXgGrKbo6YFGJrn0qs
135f.jpg,1KSOHVtvkmXPCp5PDiWnUDuKac8JesWNy
135g.jpg,1suT0gnlcgdaAMkD1cRKX-MGv6uGBWUtn
135h.jpg,1xAl68yoMMfQlyv2i_xTgYUaG9s16nRJc
135i.jpg,1g_DFDKoVU1kkybHxdo0zdbeBRdtepi-4
135j.jpg,1M4p2At1Yn89jeUP-DAxo6cWp0rD0q6iX
136a.jpg,1WHAHm8UrQLaT8i9yHOphIgcYSwyFfAOr
136b.jpg,1rFlLas2YF1cqCrLQZkVx8zKJG07PgFCp
136c.jpg,1HLW5c1XcgU0Q8bKRhJgFAtpE19EuQe_X
136d.jpg,1iT0FcImaFnjcOphJhs-lsUnvmYSt2SWQ
136e.jpg,1nVCl24AtVhRLFfnE9rCu1mwsEJ8AS9al
136f.jpg,1e1NFWrFGkJnseVrV3S_o68IoDQCXHptO
136g.jpg,1yMMLaRtsJc0t1vs6cUSSA1sOBHoMUK0l
136h.jpg,1vsqMIZ1-zTF2q5_to40jRNMmdXXSHlY7
136i.jpg,1yw4LsOhOujzOA4TE2EtHJCYrpGeOTf2k
136j.jpg,1CJdw4s6kL9HR9EujCo30FnTtfQJ4MqOJ
137a.jpg,1DltNlB__Peg8rWLKNunIJ1bEx47uYHVC
137b.jpg,1FdIIQ-GB58TA0CmkoBpeM3aZ0zXiAhTi
137c.jpg,14wQ5aUpeqVJY_J5yfVy2QMPil7SWaRBA
137d.jpg,1CMSXb80XPTai9BL7BM-JjwWFNxQ7RlBo
137e.jpg,1pvBlkwHxk0M6WBMUgCaczS57cryI6o7n
137f.jpg,1EJE5BWVLkEQPS-vxc9n_ZhtVbbM7_SBv
137g.jpg,1Z_dtl5s6FLFBf9attDn4H_GXYydGuSTC
137h.jpg,1hxodtTh0ojCtxhmqc-ac-nERSDH0ylyF
137i.jpg,1w6lUFwx4Arp3c_Bg91cx6DOln0anRAwL
137j.jpg,14u80kuMl1jnpzAqpVTlkR298IqrSv_Gs
138a.jpg,1nzS0TkbU45brSh2dEl6ucSHxsCPKmkJk
138b.jpg,1RIq1yHU4tTX-XJ9E07XvKjsaQSaJ6tOU
138c.jpg,11qlA3E31wncKk0Xg609EARDqm4mWAjKj
138d.jpg,1ZMFcULmz7UNl2DrmG4jFnAgPrT3y2Jzh
138e.jpg,1SCopZJfgM4sFKna4Thay2nAawZXwMuIN
138f.jpg,1twtH5WEKnZlAxgV2Akuv93AxOv76Bq7i
138g.jpg,1Il_E2gF-GApWbJel0HFd6FnqUsjpfLMj
138h.jpg,1YIG9erjJUB0KVtr1L81U9-Db4kZ_wEH8
138i.jpg,1b9UrBV2PblhhFlZDUO16F-6r82k7XvcU
139a.jpg,1zztnVLpCWeU8z2ugDqK1skUrgKYqMDFt
139b.jpg,1iNLx1k-VjUnSZ8WyjM4NCHzmcVDcyu5J
139c.jpg,1lBwDmAR1Tkloq2Aw974qMTIL1J9fqbQa
139d.jpg,1UvicpjyP63C6_UtkJNAmGefX7D4tl_xH
139e.jpg,1rqTH3q6b_x7ZvsEtXj8GCmA64jfQtdlC
139f.jpg,1_UmesBRl6OOrhNfw6Hr85aqxk2sGHe32
139g.jpg,1z8Ft-p01YaMGhHICwPRs-UVjHbRnSasz
139h.jpg,1rs3rFBDqOD6WFLieqFusVr44GBLPi7WM
139i.jpg,12AETUaiPUsNC7J6xr8oOeUuLumaYopA5
139j.jpg,1gV437uehF3wy1vLDIoQpwPHjq6PZqfNU
139k.jpg,127FUylqG39EsO-TRwK7MxJeH5N8DKg3M
140a.jpg,1fkoWbzre8a63BlCQ_inahz4yccuMZmzc
140b.jpg,1B7WeQ2KelVRKD7q6n8HN9vfFCQrQ67AL
140c.jpg,1wCjqrfssOC2Hhz520XACjPytXYgzlrO4
140d.jpg,1euq1lHTdEBUGq_apu0BAiiRl7ozz7NCA
140e.jpg,1Hauh1gfQGTzGfJaGr3MP3ZBQlGgKm-7c
140f.jpg,1UgkA9bc45ug9dbk8mSKEKCaiDt1BI_E4
140g.jpg,1qNeDaN28gaa00P9xHR0q7PZbzaerLD58
140h.jpg,1HnCWyqCgcQdaHGGo6GGgsvgKq6BKfVuF
140i.jpg,1ZzS13U0MXVTHlYa0AP_TwEFn-Z5JJlZ7
140j.jpg,1tTvjUUW5UkhDy5KYI_uw5QnoaX2xWHjM
140k.jpg,1GD1N2TiYxukKbKy-JwEnG1VfFh4gxL3F
141a.jpg,1Dkz_VelIHZmu5Ls6wvArr_N74bG-WW7y
141b.jpg,1s7VZThFf1E2TJTJsseTwgIvlo6lRmCI_
141c.jpg,1VNTwTvhZyif7McRb72Ed9RvSvW72NtZZ
141d.jpg,18a6U9KVSPID88l3TixUlj7xX0SIxiMUY
141e.jpg,116kJfyg16sUEIKMOSrtd9nhd5drlYqAM
141f.jpg,1qHyZnWQe-MegaSVHDhLWsN88SsEffog4
141g.jpg,14Kn2nQx_RJq_aSjtXspHL5dBjy5JjhtM
141h.jpg,1LB83RvoBf8H1viuVeZWLZh9uRsRYrM0A
141i.jpg,1wO4UMiBZff-WZPVFOSEzTi7D-ctM6Jd5
141j.jpg,1b5YUHKzllZfs9T7ciMAGrml7_Btfwuy7
141k.jpg,1t1STxibSLtJyu9OJ0zBZ-drqYP3BMtoz
141l.jpg,19CLysMebi5FRdpY4aNt1rdrQoLBnj3N1
141m.jpg,1-sr54kk3DAIfhZKanuW4DUvZ4ZibYukC
141n.jpg,13cMrTEMy33Ti0B5KnpdBCMdP85g2BJ6n
142a.jpg,1apV0Hcjnow65ZNq9nw8rANzw33iaxm6g
142b.jpg,1nAUbFKf06H-ghL_g4eswA0lGijQzVSG7
142c.jpg,1nb9QGWG2HviH3si8jrVT-oOVNHO4Cvt7
142d.jpg,1nDCfRPblaI6LSyKsSnU6hl5JORYSXKCa
142e.jpg,1qPsO4s0gBio7DzzB3cRDS3sttCGomdz4
142f.jpg,10Vb9ctautdZ_EknHlfb103HfGWNArqCU
142g.jpg,1RkeRU_28xrZmfj492wYV0EXbJ-8pO3iP
142h.jpg,1TKTNhxRisN9dfmrufIoFjiRelJvDUE8a
142i.jpg,1d0mEy3Q3JgRMwO1bDeZrmTpLRRqEFhBf
143a.jpg,1YAo1vw27uH4Ouw9inO06gPpWqHawHQJK
143b.jpg,1bguqaKozCxkaBDOf6Zg4sVQDSsUjOYBY
143c.jpg,1HwcJE-aQWdb6ehDRjgn9C5c9uGjS6nET
143d.jpg,1nZuB24iWcOrTMsyMeMfeRn6Y9o-hEoIT
143e.jpg,1rsrfuZ3KGuZZXHU89WWK2yCh3vcYLTGk
143f.jpg,1tiv0-cuNExXu4yCcCXedKDlumAhFNDAH
143g.jpg,1jrC8EwoytoovDr8IgAJCFfkPba0uU42j
143h.jpg,1KQKC2yDAmB-IGhHx5OJgUeeUugS465iJ
143i.jpg,1B5d_FKrBnP_HpaLUprsfIaL2dSZtOdR9
143j.jpg,1GyyXvRzj5l79FJfbWInx-_145oubL1c1
143k.jpg,1nwBgUOfU7SQt1h7Pxr1ooIv94u9O5k30
143l.jpg,1D-1G05GZY9ZXeWhnAhWVqOx78Jk4vuZP
144a.jpg,1FhiflRr-MjuFFWfUQBAv0OYb03tnOrF9
144b.jpg,1XVohnShhxXx3xLLBwl8Lzvm7CmgWuDFi
144c.jpg,1O-Wlsif_k87NM1dLS3x3ZZ8xwEj0MakN
144d.jpg,1_ncnG5O2eXNWdthS24RqvkuNpDMin6Qd
144e.jpg,18PUXMmkuNB8VqVQE04EUgAlbhH3aDo-g
144f.jpg,1s3KjCz4RU0QyEgg5kEtRwlIXmESDWlrV
144g.jpg,142UNPM7qWbN85ydcxMtN7UHw1mX62bBM
144h.jpg,1ZlEXLAZ84Mqk3CYsOIISzsY7NcG9nMvq
145a.jpg,18Gnao_NpIrT3KGkVmrZhDjR_iHa9ZLzh
145b.jpg,1UaevAMipAEuRBYDiTCripME-EDJuFR1z
145c.jpg,1VNBX9Lo8w8C7H5Xq2RBZksnYcO27bpIw
145d.jpg,1khQfZ2VhOWMgX8-yAde-PhqLI6mBlFyx
145e.jpg,1AbW6tSKcAxPG5muQRKbIacl-PlNxJkM8
145f.jpg,17N2k6JDQZBrSUPGTDctwqiuDl11gb92L
145g.jpg,1aiXAEI4vYFIRDgeR4ErkCO9MDNpA__rG
145h.jpg,1g55TcoIG2Nagi5lqm5MZbN2K7VcoFWRX
145i.jpg,1U3arO8l63wB22B6VcWmOvyBRI7bmImel
145j.jpg,1A-pUryRuRYBIECsHKdWpIKmwMVfIpYo5
146a.jpg,1YJ9nBixnT8-c8NdV_cWAZPLZJO5B9fFC
146b.jpg,1wH6mruKxvx_50C37zl7L8slbuNPL1XMi
146c.jpg,1gbxnNjSNaUVMm-NsUARFjwrgSGelhxCL
146d.jpg,1LIwTAmSwNq6UmKpRiq-QOs13hOTaWQ8f
146e.jpg,1zl_wKcAsJQgL4IkUtVcN-kEvHF95GDSL
146f.jpg,1BLzFQaopZCK9GCMRiFzHQHFPER5DvtOf
146g.jpg,1bx42nX0BEt6L1N26bJIkDshL8Cs0dI6D
146h.jpg,1tmWGrThJ5ORxicBKrrPhvBsnt2gPezIP
146i.jpg,1p0qVV6ZnNc6gkLBAcizvZIExSuqzY0Hb
147a.jpg,1Z_KtlPRPT4SP1Hnh3vC8BM9pMTsxgO8u
147b.jpg,1AfnVp5-hf_uO2on9mWva7wsIzn6DRn8l
147c.jpg,18zThgq1q4ByoVUUghk2W1AW1GY8sMyyu
147d.jpg,1KDFGrERymDvDqVCjYpWBqFm1TbeuuOym
147e.jpg,17fbGzDgMfEnMbU1jwbPpGJk56HazHN3R
147f.jpg,1nmsjRr1XXyDv_LqS0WmAxJyVUjWNC4pj
147g.jpg,1nJZ-in5-qA-OsRJRX7OeLlaQPxVIFe-b
147h.jpg,1gbTHzwluCoJIr6r0YckBumQcniMiRkKA
147i.jpg,1o-1PhJZXq6o60YHy2JaCJ2OrgowKcR9I
148a.jpg,1oQWhdtAFs7bO5T8VeQC-z0MkGg27HM1u
148b.jpg,11Ev29KbI1xPJ5YWlZOhQz2jMk6GlzFa_
148c.jpg,1BkKfJ_LFXF5S5J0-61ZCnqdVgv0yFC8u
148d.jpg,1ChOeDOVnv8QqCQ_EcxKgkhvZznuaMVZ8
148e.jpg,1O1pfB_5_kjzeq-jeaxDlUoTnYg3KKVDV
148f.jpg,1KFfvs0tB8Z6hhgqJOuEMEZ3tiHYxJV20
148g.jpg,1XYUX5R_D81QTB3g5qx8cmOubMaPahw-W
148h.jpg,17ffxu14C2H8OXhOrVbAbedzHhKjqO67W
148i.jpg,1PYVm2s3YLMmILRP4JSuEnCbBdemoZOZm
149a.jpg,1cIxz47kfTfkxTAfKEiRRPhvvhZ05OJQr
149b.jpg,1CDrOtlhft2d69gHGf1VdIUK_g7nKQ4XC
149c.jpg,1EbOPI8AJQBvMswQOXQiiM9y5yRSlm_HV
149d.jpg,1EBnlzwdDCKlAqT8JDB9RKdL2_F60252c
149e.jpg,1y6u4b3slw7xt16UhmKy_io5u_tz2wXRY
149f.jpg,1NgKsYN3M_wn-UEINwKym8ITP3ucBxZZi
149g.jpg,1AW3aSGOa6L2lsb_8z4XbSQjIKL_uC0D-
149h.jpg,19Wy4VLEO_z5ks3JJBUYOTW8Vz0yUlQeV
149i.jpg,1RZA950nlQi-Juj-IQONyx0Oyr44ZjTx0
149j.jpg,1nv0O-hr0TJTInPmoqHNHSQ9xKOHhlZQu
150a.jpg,18cVF-zVli7j01NsJjmNgr84wnv5XGoGS
150b.jpg,1QdM7qzb9CxVYgrquCPHfHPl84GvHS66G
150c.jpg,1AnWRuGtoUzzcO94EexD9wQ3z-26H-eyB
150d.jpg,1NwJtDGqCkCW9MASDRDz5jOt8YPZ2Nzcw
150e.jpg,15BddUX0piW-mLVjN5Ehsi318pJ4ciZeA
150f.jpg,1Gb4ZC9H-3OFOiA1lwPCpMBjN1tCUe7PZ
150g.jpg,1Bq6qVvCkX20wtukbC3tZvfMiNpJcO0Ua
150h.jpg,1kwDicL5UlJ9rYRsCjGXqz607c0TTcjdR
150i.jpg,16zjkIK566jNpiB2UTBgNfqk-jY0UwvhV
150j.jpg,1d2ONKgqsfKIKUNBvzT0rvQ9remofltQh
151a.jpg,1bw1qPZB2oMFGvnD0Ob4REVMRaHuiiJOE
151b.jpg,11cQXG93gbcKBrG00qE93XGCl43uv14EF
151c.jpg,17nvtkIOebuYS6w1ql93C0bxmOz0H9Ad8
151d.jpg,1ysePuuyUUipSwCc_LXUWKeNTHGIdloXy
151e.jpg,1IVqBBy3Rk3HEKi3SFd0c-ZLTTFnP0H6l
151f.jpg,1KP2yyV00tBlj6wcf2GkRVE1dy2oUaeYg
151g.jpg,1y1dKbDZh5U9lb970P47ziG5lbKSmfPC_
151h.jpg,1aB26SVTtFVDTVqDagLYwAuQcGSe-wgEE
151i.jpg,19tjns0Z7vzBpI5_4OaCMpq83fn8wzcB3
151j.jpg,1_d5k_Sb9gr78maJc8Xn1YzghoPJB-3Ke
151k.jpg,1SAkcTQhZoOe2M4iQjzraRZ4ZrYE0saaI
152a.jpg,1m0bkc7owYM6oR7MSUna73TLM6QQox9iz
152b.jpg,1oP8KDJgTlW-ErLVGXvu0AIzDncWvG1zX
152c.jpg,1CnZ6K4T-kryjAFc93k8HTtWuXbixm09p
152d.jpg,1sqc7246DvdBLHYzAWf-EK9IB6ste1ta5
152e.jpg,1YmFM4pyHG8v4QL5WWqO9bYethDxQng0J
152f.jpg,15BjdMZyMbyOd2oC7KhqyY_ktaMDcn1wf
152g.jpg,151IvBM-CcTmSvOdFNIpA7G-6PQcCD9DP
152h.jpg,1ysdrWU064siFZmpSiHO846JPxPOsXgch
152i.jpg,1v5tkvo1PCrcBKNRr9Xb-IwTXXzJFomPg
152j.jpg,1meDRJKepA5ajRRbgQNEPAtOTSBlzwNik
153a.jpg,1Lx9xlrn1qVsoRSPDCt2uJ27Ltz8eOCue
153b.jpg,1GaThRKS08UOGF0MXhpCu0bRCnLGAyNfw
153c.jpg,1pYCNe7FiptnNszRq8X1y2w60gJQjAD-5
153d.jpg,1KMJ-hnWAcBUSNJL5X37LlXWEPcnZ6h7P
153e.jpg,13XsgqO2uZoTEfZrvrHWF7ufT4m3iWNQl
153f.jpg,1lhqnJbYnfOt-aeJnWPr4PtXEvMq5_N8O
153g.jpg,1flMxouXkyAgtzbxtJDAb2HM6nH42p_Jt
153h.jpg,1U-b9jrE3YrmHsCVYdvR1KPpZsGhDNzi8
153i.jpg,1u2Oddf-KI8hfWuGKRiF7CvDf7Eih9ZkH
154a.jpg,1H7FMrIo0EoFeExrqnOjwoAAvLc-MuQx_
154b.jpg,1yYcwlMAGVNnMjBVhQFiog6195Sr8d_lU
154c.jpg,16Pr3dzaIvWGFqPAyPZN7MKl_TIZSiCIK
154d.jpg,1vFVU4W3xQIgbZwAcVyKfvfP2U23w_xTL
154e.jpg,176ugLygYK4mjkefl-OvjoYVJZ6F0QDCI
154f.jpg,17fTinwW_pg5DqRULc6CTNwe-a5nAHUcP
154g.jpg,16wf3UPrYopjICxr5r3AlMrDol1psHjG8
154h.jpg,1ma8ad0AOP7-g9VoBzO1e_yXkHfNEKRWy
154i.jpg,1wzMKpBdsCS7PnWRHZD4CXUTKHipT9UT6
154j.jpg,105ZJp2L0OylMCq0QR0ckasWiny5DE0te
155a.jpg,1Tjb1QAztXztlJWtlwrIhokd7Mt_83O9w
155b.jpg,1xSmWMbTvSFCCRVcgspu7wG_yXcQBPRdr
155c.jpg,1L32AlbsNhWjV9ntXEk0v8sBeOFpwbdOj
155d.jpg,1Dkt70ESz5u_gas13JncZQBDExs_E5UzL
155e.jpg,18WXqTtB5_ssdM6lllstNsRrWpo6f2IXx
155f.jpg,1FTZpYRj3cg_NriuK3K2sd4w4APg1AaMq
155g.jpg,1BU74onQWKCThgHskDTwKeqzMpYfbetE2
155h.jpg,1WNA6c-lZnqn6-eCBvwMNVj329vPslOgr
155i.jpg,1BLneVTK-kk30Ee0HKqNln5usuEEj4kp2
155j.jpg,12yAFcinE8OkNX22-nnCQMFnGwNpLT-Bf
155k.jpg,1799qMihV2LZ1dr6FJDiSKNUZdBBwIZqJ
156a.jpg,1yg8Pj58BGwYYa_bFY1NVSIRilsIS9WXI
156b.jpg,1L_BamltvNxFgFREDtg0DgXcykmSKNvSm
156c.jpg,1sMDMBOcEbZ3AZFvc3d_qz38WfClvT6ut
156d.jpg,1yKIS54LBKdcF305AWj7Q4JrhQ_Tpl51l
156e.jpg,1iMeC0qSG2cuYHmxJnapu8ArErYJiQT3S
156f.jpg,1JsQJzPH57IvKTKFiwYKRVTG4N8l0mlym
156g.jpg,1Ve7OiDCV3rb8a_CJ5lCn5QvMA_a2Prnf
156h.jpg,1BNH_w2mq0dkslSo1UJYHoVbEBTtbJtgJ
156i.jpg,1-aeUzZQuL8IJh7T8TxVwKxVnRhIE5UOG
156j.jpg,1_x55nPyC8LXuPQTcFjUQnldD-3BRid1q
157a.jpg,1tn2V0CRGQ0xVXFTksVpeNY6EujQw1RWD
157b.jpg,1li4kqUridsSZtNzDPcqMV-UsMPcZU9SX
157c.jpg,1IJSfd95KZGRNoXofLmceOoNHSCi0C1gS
157d.jpg,1mEuFp_gLptclRRxpaSnhqVkTQxQlyrcP
157e.jpg,1jdyrcTU3BF-dQ31lewnLn0DBGrZfT8qA
157f.jpg,1giIsLp7jiqc9tACleWQMMrEocdgHGBD7
157g.jpg,1A-IYD0XHngvXg5a3s-RO5L1g4xm3qjD_
157h.jpg,1OVJxVhzUEAdFuoCPzcza13bDxAdkCGjC
157i.jpg,1KFRdjFeIB0Wrzd4ckV-wF4Vnnj_izyTn
157j.jpg,1XQzl5tq64ZJBhsqxhqWLjbRZEeFoc5a5
158a.jpg,1k-sRM7GKaLmU6aM4yzdWP6WFydLucR5V
158b.jpg,1JuV6q6DoIH8bP13ZcQyuokyN1brCSxcN
158c.jpg,1uy1wIU4ci-j4YxvqJ9379pa92NSkRiAT
158d.jpg,1S5knSPCQSZ_zJnR5aOUZxD1_H3RuVPxp
158e.jpg,1OllJZYYdlyryLYNkJnYpeX4a1sherl41
158f.jpg,1ZwbqD5iuQbPgAZNTotRxyOsUmE-r6akG
158g.jpg,1oUdSrKFD3-jwpChTC_JJaLY82Ui-HEcX
158h.jpg,1eNjt15KwPXDpBdk7kgs2LT5ssAtitlX6
158i.jpg,10SJJq8zVfsME9cND4TjRBMwMzzAw5oUj
159a.jpg,1B3I38kzN1GyzrZiZRx1-PcT-9SQRXkbD
159b.jpg,1avgC-ZMsZScNWDAb5NzkPsHTynnGHrR2
159c.jpg,1tCsqnGvmES7NN_LC2kBe2oYJWynvXNuz
159d.jpg,15pqS6L4v3oMotWseX6j0SAIfzbrzsCEf
159e.jpg,1qvPbNe7PEPn-GRJtEjKcHOpjF78ubvzA
159f.jpg,1M44pdirBMqRkMaAEBaYWl-YICHxhlDqu
159g.jpg,1wNtLBdG1_J0LR6KS4sznFatAvKS_htHu
159h.jpg,1vapgIB2oFLKtjmbZYDcCDB3h5RxiPVtV
159i.jpg,1FkpVk2XQ2ICuUh5SKrUQrIBHBA2n9uX6
160a.jpg,1cxnv3gr2h2oN0uieMjxslZNu89CZfjct
160b.jpg,1TEx4fr9lS8xYPBiqSkYekAZj61jUFtD5
160c.jpg,15MPMk5CGB35acWc7prBSIyXFlP0hB-nK
160d.jpg,1jR6PnaYM42c4_49A7P7kHcV__Hd2S98v
160e.jpg,13LMHN4SqUsJtq_cEnS1KZB8w8rYmOwlg
160f.jpg,1eN2K-gYTRcVGu9Y0M6o9tJNKG034v-tA
160g.jpg,1P9Ueq8r-LXxKJWCllTi7WJuZVdxo1X_W
160h.jpg,15vufeHTcnozKzTxLjrTmoUvk7bjkV_dy
160i.jpg,1_b4In8yiV1r2gvZ6yBVWsESGCERmlTPM
161a.jpg,1KxsC_EV3IVMLzu8iMmtFDR2udH_8Dzfn
161b.jpg,1Ofj7mYfxBzG48aQAHa2fnwNcgI5DMYO2
161c.jpg,1su4P9fOrCyUd553zMop3ta3Zuq_WXKeB
161d.jpg,1yPvuqu9B1TYP0gOdecBRll4AHr2M9wAD
161e.jpg,15FBS-iO0Zmty5yZrIYfxe2Ph4IgnfqOh
161f.jpg,17HR3IiwYEkTdhll7F9N_nNq1vIXIx5N8
161g.jpg,1ve3mzrGd52W_DapJV1MulrVm3thfIQ8P
161h.jpg,1sBB3p4ThJtHCqvNN2cgBUfy4GyadOEp9
161i.jpg,1tzRVb8sHERFH8bcOh5yHq4W_Dt7LZpg-
161j.jpg,1EwSbFHSnfEQpNdD0-pOYmaiX0Q2bGXV6
161k.jpg,1zpS96Wg8crvK_GIFOcdhsUoHZD1lkrQ_
162a.jpg,1CVbzDRHV71Z5m6oYrnciaqkVdI-Kvtm5
162b.jpg,1QOAt9D_SIaVCb4hYbIfjNDq08NbBeAqm
162c.jpg,14LKmDZEHDeYwp5WQvuhXfNhR_PAolff0
162d.jpg,1EJPVDlBlUwF9BxoIzqwWRzQhhXZ2I1li
162e.jpg,15KnJmUW9SsgMm1f8zoKgGqa8-tQ69gF_
162f.jpg,1TC8AYtXwgjIkLN1N7zZFIshzBcZ16B-U
162g.jpg,1w2OlTG5pvL-9ITCw7HCOI3hlXtoABy58
162h.jpg,15QC9rQ4sgg_FT54x2bsHsAhfqFNqElpj
162i.jpg,16IF9TiCl0IyE7xa6RyA7Aqrbzx3A3ldv
162j.jpg,1DqiA43hirptzKOftE71pBeuuBrqOsT_J
163a.jpg,1Lw_NJk80J7BPYAr5BQqrMCWfka-vUZWp
163b.jpg,1PFTN16dGQiDlqeUxEYqiWvZrEyBzqlEC
163c.jpg,1d-h-9Ggw9eUIqrVw03RwZwFbwFB7-juB
163d.jpg,11BTOyf0SiLgt_a_80KWG-byy4GrVTthz
163e.jpg,1p_ZoBpFKk7I-BpFB_A6PjdZoQjR1iOh_
163f.jpg,1CEDE11VBzy3ZYtc0UP7-Z3Bz4Aw86s7u
163g.jpg,16ZUjQYg5u3KnT1N6dQSR8axRJFLM8akC
163h.jpg,1AVXm1MAMVSrwJb0G36i06IsyrbmBQuM8
163i.jpg,1DJxgrQOBzbjWONNy9ZXTVChiy52eRUSn
164a.jpg,1RpXTkILWkVaoEDrke15jqYUOLOzKUN6L
164b.jpg,1k1126B19_ckxWB3umzedGMgHd1Sl1G3M
164c.jpg,1mm3NL3kI5j9yfX-U5Ru1gfxNUgZU-LNj
164d.jpg,16BxHUnLxxt3D-JUFtneexROiTarzxW-v
164e.jpg,12qf0-KtZtTYCvOVC40QMOdgQ1Z2GDncM
164f.jpg,14nV1Ji9c9lvdD6OAPWtYCm3lp-Y-Qcuw
164g.jpg,1Deya-MGYaOi-SYOek-WAyTFY4hSzAmPm
164h.jpg,10f_9WA8Jew2l2oy2DGaEESnBxshkm_9p
164i.jpg,1yvfMR1eb0L_IrxkUn4mxrHoviLHAmdLW
164j.jpg,1IwS0RhZecSX9cmRsSelRQNgxbXl11wsH
165a.jpg,152csDWypXV0fsRi1bl1WFORKEceLF6pX
165b.jpg,112qaHL7KEssjy-jVIYaDKT4s_92E53A0
165c.jpg,1q16l34V4-L-lbBBdm4VchQCCER7_EB_h
165d.jpg,1WSloj9s9Gh7KrBSKplFLjvyy1nI_Y1sa
165e.jpg,1h_OsVpcObbw5Zs77-VIvcW9L1jhgy_te
165f.jpg,1hUAaY0XSbZZ3EWxWcMJrmMZs2n52mDKF
165g.jpg,1pnOE70ni4m-5iGG9OoTqlNzThOX9dpqq
165h.jpg,1JvXOyisLDFWQHoEbV3qTL-kNuEwIBjX-
165i.jpg,1JRS4ax7bKSqWmoXKvc6LWspy38fgS7ms
165j.jpg,1q_7mrbLvC61AKtKVhi_V71GtnkpjM3Y6
166a.jpg,1MF7SMFdT0QPSPkV8JiYbOzzuZWoC2gKw
166b.jpg,1HXsDzVRKZtHD026OiwD-iQfI0csY4cfJ
166c.jpg,1e_7elDLdIv1hXKuC8r6W5xpc1DBXS6_W
166d.jpg,1qsKoR550-vxqV0pP0sdLLHlOpUA6hpJF
166e.jpg,116dsysDjXqoNKT-YlSUFGj5Zz-lRnniE
166f.jpg,18-vboswFTBCGWZZpMpL6tvMjpNL1krvs
166g.jpg,1V9ytcInkp-8FkhPkNMRcpFj_JgmqLgLl
166h.jpg,1DKS1kXrS0wd6Wxn_juLVOXgJQiIRX-Pf
166i.jpg,14Q8a_L1CN87GJk-vncb706aEtFKujA6V
166j.jpg,1CmTcfsoNfrxF35qkJq6Vw66BcLAf3mhQ
166k.jpg,1fBzL0m5UdDbjMoBspvbSjJ6m43NYJ29y
167a.jpg,1GdznL8KshTfT9Jc51Xh4VdhmXtZ7joDJ
167b.jpg,1pUHhG404J3XAQuWQnp9UI7hxSjG-vnoR
167c.jpg,1VAcsS9tfg0S7ypXJVkiWHhOMAfCrnCMK
167d.jpg,139ygKNv8pQZae20O5w0J2l1dVbb7FRqI
167e.jpg,1tE-tbZkKu-lyUBbZeRGZaUzr0k-jSs7A
167f.jpg,1QT8aUsK3gP9B_ahHe44UVHq9MapVx0rM
167g.jpg,1YiycU4pJjsXaDO64lg_vIGzBipsjInZ-
167h.jpg,17VhT8lnsoavm-6yUaA0NF1aVzz0BcCmE
167i.jpg,1BUa2wCY1K225Ixo1LYLjF4Zf5fMwUz0p
167j.jpg,17mmcLjXhKFZOwyRJzC81NV_79kRr7v6O
167k.jpg,1PYrPmmX4PpzzCg3smKG7jUsHhQ2wjjXq
168a.jpg,1F9AmA0OGOt8OrM0cjfzjfsokvZVcNiAV
168b.jpg,1Roxzt1qr5TVcO5pw189zABRwrbGN9qmF
168c.jpg,17MuCiyg2kih6MaSYgqlXX9TTXc5ip75y
168d.jpg,1uPrb5zfzOF4wKbR1Gb0dhHlAMTSJgVrP
168e.jpg,10VcaYt7Ck7GTfNoNjYj8SAvKlVkFQCu1
168f.jpg,1BrGIx40AjslaxYyTvOzTlSYW5jMC4fzM
168g.jpg,1Pvy2ry4nAO4-nR9OAB-kMgeMiTWZZCPK
168h.jpg,15CaMC1HGeSW1LAYXdR8wtLj4Az6WpDRr
168i.jpg,1JRNVV1ASFpaETBoOxr9XCBrO_Jy3lsF-
168j.jpg,1ipQ0KaaYdL-TbyO2i-Fw53jFgv4inVHn
169a.jpg,1YqGCOYrSBeOkHY4y5J78ZZZGSqBF2hP9
169b.jpg,134PXhk7xqnIzwK6_Z1FZELQEKBnWF2Et
169c.jpg,1bJk5t95DKGNE6ZEOtIwXGBFAoeQ1-Wjw
169d.jpg,19om-Aw1sth6jdzeP--SkDi6pvfa6ccyb
169e.jpg,1P3xsX0VB24Yyd0UW8M29Q8Uzk2t5vIUp
169f.jpg,1-sOX8eSJWZIpt0l6X3JrAHyn7DA5UZ7I
169g.jpg,1fLZO17qGxR4GYP-mvE22ttqIgLstRltf
169h.jpg,102V2S4efp5O_bapwvX73rxkCqeObHChw
169i.jpg,1XzTOIwW_vYIyWYolAep6QmlQyFtZjj9f
169j.jpg,1sTIpAXkTWf-Kc5vHcYzx5ihZdbwPXSAa
169k.jpg,1A7fxT6hkrzrWMHpf1XjAKRBJJmmWNlcE
169l.jpg,1qjeYN1cp6NMHLQhKi-oI2Hr1zzx5OS9m
170a.jpg,1Ka-mrAx0RtHqYukVvphVe6BBJ8cRttgi
170b.jpg,1OJWKnqHcxO6SAfRS5ZavtLCnTpOQ6BUs
170c.jpg,1ZhjqCLZpHFaMbqYJd-WUXMZoCPeAaboK
170d.jpg,1Tx7rjKxFXO72VhdMiSz0DfzEnY_xc4b2
170e.jpg,1JJH9RRmNZuf-VKb_zan7qaoM63vWZrBj
170f.jpg,1Ljl-VAfctMbzc4GgKY_eq0p5bklzEiBT
170g.jpg,15f-Wu7Lx6o3rsBy4r-2L1eG-DtgGCtwu
170h.jpg,1pLXoih9MaSj37C-TR55XCchFsp5Yy4aQ
170i.jpg,18U_YlRqEBNwtApdXeToSqd4fHcdmYkm_
171a.jpg,1ZD4zU0sAetCcOiOSOJKVmVM0tP0_DGc_
171b.jpg,1S8I77VHA7RoQGcLb-W0NbEP7lLL0vp_S
171c.jpg,1bHsqoY9Jj_pzyMQg7byljASzJ2sXB7NY
171d.jpg,1Npwf5HM1dyhjUv9Ucs3SriAthR7eLXX_
171e.jpg,1v4XQqugIb1rqxbdjpN0uM_FR2E1CMc3Y
171f.jpg,13WBKyqOnAZSZUWNftOydloSajZVWzhEm
171g.jpg,1DVFlAelIYQu4M6s1DD17Q0mlhJbeY8DY
171h.jpg,1Dw_8BulZ5QvLYMuRxCepsswYyQmu2GWD
171i.jpg,1SbvHd-n0-0DAPV2Sgfn9F58OmAZiJR5B
172a.jpg,1jZK8-2vjQB3MsnWZw009y1N8g88AKUSz
172b.jpg,1MBJw-SGH6JMR8nPDwSP41zCiF7UVcuVl
172c.jpg,11vGGS-Wr7XbwKMLIsatk17sN7VV0x3QT
172d.jpg,1ljAy4gb4QLXkOonxwOMuX87_PTCQJr5T
172e.jpg,1gXVBDNWza7qBzTf13aMP_04_O390TW0t
172f.jpg,1EPraY-3zDPFciz9WZtxUg4Z_r3wObpvq
172g.jpg,113wYV0JHPS754Q_1ey3bNbjA5d_Pj4bw
172h.jpg,1wbe0hKdowmesd9vMOHVn7NSnmxDD3M4Z
172i.jpg,1LrGA53FxRXa3kdAPQc9ZHGn99Z4ER3iz
173a.jpg,1nukWPrBDYdcGkc5FR1j5tpjDg5K2zhGT
173b.jpg,1DmDkVxKzoqobaGCcLHh3qRFr30_sDgor
173c.jpg,1PbCXa_9t3AjQSIMRiJQAc4bdNmo4zIG2
173d.jpg,1iTsUJ6bQ2H8T7qI6XrHxuWMcMRtgzJDM
173e.jpg,1eON_iAdk2_wv-OczPS4hLI7pk5lNvFKc
173f.jpg,15-oQiFm_K4H94Nfk6Gc7UBDm9MvF9y_B
173g.jpg,1s1bu3DWWMoMdollekQpJt-T6ep0WOT4v
173h.jpg,1CJjaPg89pzMoz-V_YGLj7eTsQHzZsLgq
174a.jpg,1uunoJd67Y2RxV_TTlUbRfby09UO4RCbV
174b.jpg,1hp5jN12vCD8bUfXq5JuFbMnJkzM3UTWQ
174c.jpg,1EkFmJ33v-WZ-50tHT59fImXlmv1NYjJk
174d.jpg,1vLgOvmLY_v8MG237zdoO68C9UQduJQJ8
174e.jpg,1vZmZ5KWS-1WcV1vqtldZxBO_NShJxB_R
174f.jpg,1LaycD42V3Ewb01hH_nztoiGxTVcqDAFg
174g.jpg,16JDiGIpraXkxF0cR_QlNRdMWCSWRPSli
174h.jpg,1isizCBZY0lXaOSChw2Dkd-7V-U8Np8rp
174i.jpg,1DOdaj7fbHRjM2dHgB_Pmqf83NTR8WiP3
175a.jpg,1lpFQOg-3jJiH1EDzPov37tebMM_5Bssl
175b.jpg,1W4cVe_nrSzYHe2TzZ_QBOE7cv1Z-3p8z
175c.jpg,1i6FIhWGFJY5m12avnOtP0WYGyYlm1q5m
175d.jpg,15-Fj_7mr1B8ni5McyHfqjyIGsFKZh6jw
175e.jpg,1Ww4kVru1r-d_5-viOaUvFjUZ19n37HQQ
175f.jpg,1UOaFmem6L3OrL-3phcpxpEsMkicOnIQr
175g.jpg,1y61XOw3e1QEvbQ6lZ5IkL3Xe3-ux4LpT
175h.jpg,167wYIgW-YINal1oFK7t0HSGu970jdi_I
175i.jpg,1rRl4l7dHvBBuvPK0F-t0BTW56toZDlLG
175j.jpg,1kCNcPe9dO1z_kAa52xtlsNxSbe7K6toJ
176a.jpg,1k8bcH0Bn_3jbC01WFveWdEHeZegBbKsA
176b.jpg,1RNDZGfYuzfteY2nRmIcLPf73goiGX7Ci
176c.jpg,1CRYTx3kdqGd0j6Lu3X-7Jvmz_omrI8Wx
176d.jpg,1sNnXybeIscAAOe9gmJhSH6p9UY9Fk32n
176e.jpg,1D7sKDWNUxDco8D_a3l1Zc7-PGg50Q0ql
176f.jpg,14LiZ7UKQ8QOktKNBqFmhBo5DOhJY1YBF
176g.jpg,1EvxnC2nKSHaWs7oCtvlNJ58Su4PH3HX6
176h.jpg,1R5whx4C25BimWLgADwWzGUjltqsEr1Wn
176i.jpg,1x5sbYdDDULLbF-Ke2nFUX2JMfUTJ5Lks
176j.jpg,17yPm2RHpNTfT4IhwdjRoW-iGRNIfLU6k
177a.jpg,1MqjUPlDe_wef0SFUF4Qu7CY9JAqMQPsd
177b.jpg,1ijnWeiqDpJXzLz8g_XdPOWeokHRh_Vo4
177c.jpg,15CK7RYbg3mWJZLmg3iU3_X4fp8EPiMXr
177d.jpg,14lJcZyegqYspKlXuWoL2eKagD93C7-Xr
177e.jpg,1leLJUlsUJZPxdGOKmk-b20UHr-tfZk3E
177f.jpg,1dzWgoPPMaWPIF1QAEYsybkQrg_EiKfiR
177g.jpg,1t2-kzVIkwYXh9gYmJfynmrNi7o4k6a7g
177h.jpg,1IiUiw9YFIhSUTMb4nRlYjI0G53Hrndu2
177i.jpg,1DYAQIBLpufQiDP5x5h3I2TKJnJEY6LtW
177j.jpg,1V52twsw4S2-nicd6YBALL1Wj_RoYwSXF
177k.jpg,1Ak07G2bplAmrecgSwHygB7fxFzwHA5D2
177l.jpg,1uFOfytHYYIfGRwlsov5mnOmXPfup34Om
177m.jpg,1VpR0MErlAC-JLlCsTb4WMLpJKSmT9NeS
178a.jpg,1GAROVpzgtyu7rhM8fwQty_YNocLN708D
178b.jpg,16czypnZ236GoPPPCwEFHfa1gjj68WqxT
178c.jpg,11BSS88Tc9DforTUnnjYTHUjjBgX0-8pT
178d.jpg,1y6JaTi4F5lzozxuYQ9r-CXjCCDhIQEPl
178e.jpg,1ofX6KjaPgSfrlin_GbtddAOu7EvNQTjG
178f.jpg,1myxC6BsEvCkUubRGMbO7AT0PVHhjvXBw
178g.jpg,11u-N7Cp4mRYVTa0wlSmOSd87Zb4ySKBE
178h.jpg,1BYZm77PbcoiCYEimEuPZ_nhpjC58FdFc
178i.jpg,1Ek0JSGMWLLiKy2bA-qnFm0Az2294r44D
178j.jpg,1LZbRl45oExvgV6tF0FftwpGjEA7iRPlJ
179a.jpg,1ZeNP-fH5sDjGh6r_R8CMYN04uGms5oIX
179b.jpg,1zrBMPEXJSeZT7NArJqKYLEDfnqOOsm-M
179c.jpg,1IHFgTR-ppckwy4TGlEkeQvwZw0FkLAX2
179d.jpg,1KMgzsJKwEVI5WDOJd62rASl7P7PlyFqo
179e.jpg,1wdEJyhbTp7DgfIF26m9NbrZgv7dHZ3Az
179f.jpg,1ENlex__FkhKX6xYwW1ZXc2AmO9LoR_vw
179g.jpg,1huvIhkwbWvXkS-HwScbkoQtLFzNJ6ZvS
179h.jpg,1OjX3RfushuEBGt5JVS3rSnATzPF5gIsa
179i.jpg,18wCfv_fj-OhNfrCO6QT7qHcAETUPs1Sd
179j.jpg,1qa4C8e1mKB9wsT9gzOY-bm1ARH7dpHbB
180a.jpg,12TRZuDiJTwuAoa0izj7-EMJt-sxyKzOF
180b.jpg,1A4wCtdiWgYUEwFeiW63syVBikOgvFH2u
180c.jpg,1jnnMCpoW5Q9-T_v5ekBv_w8FinEydG_K
180d.jpg,1feaV6b_SBy_9NOk866FDelWJiB-Rl6i8
180e.jpg,1HNHtSxc3VZMDQUBXmPHpp6WV_H5kAJps
180f.jpg,1ETaYC_kvPpfk78Q7V9wZJ4P8jO0yfCSg
180g.jpg,1K97WyMJwNu91MG-vRvAIIY93xrX2qQvI
180h.jpg,1YjCjixhj-G4z1SDFdXkUrIZOn-n_-6ng
180i.jpg,1IuW9p__1MDR8WDFmyBoxwZRAZH_PqJST
181a.jpg,1LvfnNQT0JOK7J-emgjBLwj0RRn15WD3X
181b.jpg,1IeMNm0Jj-7WgZ2R1z6AIu7V2c-4hrkDY
181c.jpg,1CfPDOcPsCsqyZ9vKZKctB-aQn0Swk85Q
181d.jpg,1M0LqOnFGsM7ZdNkiytqr2zFL_raSlw-2
181e.jpg,1Rnx8bPyoaOIGB1itvkU7QEGeULZIlu8c
181f.jpg,1K4UUooixc0Ho7X1zAi7zLCaLbZ00vb8x
181g.jpg,1cg0AAf-FVHm-Echj_jmeuGZ1MvAKC18u
181h.jpg,1mgAz4sSJIdGU6PMSnUvwTx8MOSuBPsdo
181i.jpg,1mmZ6QlS1FzsJ0-hyNvN44cA2tBsxY8IO
181j.jpg,1x2bbj4TmYcCpUDrVu2US5PEG8ofsD-4M
181k.jpg,1aIp3Q3gS55J296O8HpoMqyYy3zJkO_hL
181l.jpg,1KXeCrzPG7xH1YyA4H2RGZoGgS9SNFk4E
181m.jpg,1U0Xp82vomwy8zlKwE5-L9aNWvdgApZEo
182a.jpg,1yVhXVQ821golRNUVuoPM0NsfysefgLF8
182b.jpg,1ky2Y4phT5_d_bV7M1XUcN88M8Y8tdfpr
182c.jpg,1Z6sbLyq_s_hzA8ahCWX3dig1j9i4UIB6
182d.jpg,1pqKRV5bW9cTS4hRxkeDjs5q2ic6898Mc
182e.jpg,16nTwgHAwCXqFtHNXloaNzHHHkN7WJW5b
182f.jpg,1-QvusO_oZJq1mrwiGRlmIYTjK8GAadXN
182g.jpg,1pxweqcPQ4OCTxsTdTk_tFX0bC2ZDdKM1
182h.jpg,16s3Fz7--oGLJSrRBRgqbLrxZysMvbiDt
182i.jpg,1td0i2s85UFg_ApY5LRBStvgIuSmVDGsu
183a.jpg,16-asj-TXO0SSD_j_qUU5CLLswzIqq9LA
183b.jpg,1OIjMU9pM7WlFHlksllAAGVJUeBu453pg
183c.jpg,1-d1g99m6rVqDE0KsfP3ZP1B6tW670XMm
183d.jpg,1-1GGkPH22CPohs_xAXcbH4uTFtEtr4FB
183e.jpg,1nexVc01FHRCWFhBZX_oom-ZFsF1sEy4b
183f.jpg,1-AXtM7GHlsAkrbgJSOXQ9DRijGZ69IRm
183g.jpg,1wEecjd4Wdo4oFSVToEkWVoquTXyLFkjf
183h.jpg,1GiaruFDoJ6hb3VXaTunhboDVIoQ1zBwP
183i.jpg,1D3JmADJgfIvbY3uwqzraPp74NdQu2jhC
183j.jpg,1n1c7S9vPhiiQn2TnJP-1e0_lNKhdqspl
183k.jpg,1yJbdi2sCgOdYZI30b69_WxlPMxKjILYj
184a.jpg,1wsm6btKYYGCifu4UbroGALiTWPmimwZh
184b.jpg,1TNyeXx_u7Q1xlVrC4jX_-KMAZZTWi85Q
184c.jpg,1Uf91w08MojYH7gO1Mec7iuJAmzO3CyGS
184d.jpg,1SboIgMuVPESA-SLH8EjemyQMNh1NCmzI
184e.jpg,1H8oQTG69XOc77H5n9LGkn8TL4NPRetzo
184f.jpg,1Na3zRnf6c7JbuNwueZGQCmn__-HI7m6q
184g.jpg,1sh4PCmnzli8L-v6DjgyuXzH82KxjKKbM
184h.jpg,1Ae7zXm6s2mAMvoQs31-M3VBtBkpCFq8_
184i.jpg,1LxiohaDDmuJz6P43rxnqgdJmqRhTBjIJ
184j.jpg,1B5fUG3p2JfzUk-9e2-9uPYyieFUjZoss
185a.jpg,1-_AscCV6E1Ln7fSfc0rvDVFzarlfvQYu
185b.jpg,1_5FYMxRBXmvgGhDactwiBuw1mcYS79Fr
185c.jpg,1t0rC3eyQcxIE52yC9gvqoZmm5v0KdxTd
185d.jpg,1wmjjntrZ1ddKPnmnK_jOw1-rWbdPH9A_
185e.jpg,1jw6FiyGQK7xUjp0wBeZ6fiitw8py5uoY
185f.jpg,1q_HH5w63kyNj5PfC6p6xS-ZJfEytrQPa
185g.jpg,1DqRvq4f2Rh9Ip3RWkaJv68nHwgoikHJ6
185h.jpg,1_WJc_UZVBAWllR3dEyigERQTO92cUdOZ
185i.jpg,1LQQ7_MS0xIFQo3xvIh4-NQBpbBwHq9b0
186a.jpg,12-yXvP6H6cCYVUA36u67CpZsPGpHGMMi
186b.jpg,10rUuV94b5wxpCzV4-A2RNiJbP6IpKsGd
186c.jpg,1uZa3_1k020EQpChepKFYj6jbeg45qiHk
186d.jpg,1OV0Gi-CL5jmuSLFczs-rEFfZwKaVe9KR
186e.jpg,10o8OJy2dSICU0FYfkDim872ftxnaDSiZ
186f.jpg,17lKBGnwuGRmtO-sJIFp3uBGsQpOOLzJa
186g.jpg,1AQcVwSemDRorL6-JzKKk-DWZ8tZ7Hrn9
186h.jpg,10CblWCUuB2RVEY3QETwb3Bu-QTeS83uW
186i.jpg,1FE5Z3gujmtxLg6-vvn8yReZ5KvcAkqeK
186j.jpg,19pCClPdRJgCu3jjW2JxMJzVLTtU8KmwI
186k.jpg,1Mf0sV9haTOQHBaDhicP3IyJvw4heVl1W
187a.jpg,1JIA706EG2ox3CU6WaEh5z3I0jZCxdqU9
187b.jpg,1FmYvoY87HcmIBcTlWgR0ITBYhyCBp5kp
187c.jpg,10Lqjyd5QeV0BCTZ3v-OQo8Id3lJxWsEN
187d.jpg,1GTyZNCcW3cLQwNIwydmUdTfPtb6bXEh-
187e.jpg,1n5P2vJk5gHHF3VwgRN2b-5d_kVWWidgJ
187f.jpg,1LdHsezcDgCegn2wVPcJ0sCuSODuPI34a
187g.jpg,1mBqOJNT2_Af8fGzORwrrmOCCCz7rCXIt
187h.jpg,1-XLLcI8PPNE2hIIYIe7srpOPIVpFxeD1
188a.jpg,1IQLRtxzSXOZ7VmjTfgfK8k8tKEkW34D5
188b.jpg,1BipouMlaQYAms3Krm2fVkP-ASace-gRZ
188c.jpg,1IhpDsJigbOpCZ8t9-nvZHFQmBJl03Q5Q
188d.jpg,1zLWE1caHbhQFS7c7OTaaLjA1xcBJh2yo
188e.jpg,1HFzZJx0vyarYYa_Jfq5aAR3oJlaqhpan
188f.jpg,1KrN1DnDNA-CP08BLpMiYrm0LYDqOJjHY
188g.jpg,17N8mY0ddjImi4CBl7FmOQPTIVI6voX2q
188h.jpg,1HLceW2mJV_7H6hwF9O7Jbp5q1Gi1HVQ5
188i.jpg,1MaVMwlof8SaTcNPMAbRWNhpqnT_r8eZc
188j.jpg,1aX3RaU7K4hadYsVG6s94J32_p4nLZLyT
188k.jpg,1dzLVR60DKg0Aot_jKB8SaP7Ma26ikcis
188l.jpg,1oicRiSY9ilzbtfKCcfQULN_XPb74Fw79
189a.jpg,1-9-uk3bzQ3GkWhwgVgywr7YCq47wTswg
189b.jpg,10tR1MOkljxT7sdACbK_jT76pJv4l1LIu
189c.jpg,1--IHIzUIG2zggPlQ0uL_JxYvZHKDzCFG
189d.jpg,1VFT7mlzI-ObPXXtd3hLWBlBqZe55QJed
189e.jpg,1nA6kF6Z3spOh_WUfeGMEHf6Z5QBgkwkW
189f.jpg,1w7XT-6EOZ39qedCar9nFPi62ETpJC1ua
189g.jpg,16T3MzgExEhIYNfrz9Q9_XrbubTSzpAU4
189h.jpg,12t6_Twlws8_VM7btj983qdI2EjJ44Nth
189i.jpg,1d2s1HBKyqRDFjA8bqGSJHDDqY12n8Fv2
189j.jpg,1XCnTsH3jLNUW_SlkCjPKtatx1c3M-OqV
189k.jpg,1Yuj3PTUCEql2rv52_W7mewBSTlgBCGB6
190a.jpg,1uWlOpc9pj1uqIcG3aqX0l7lLN9qjrWYd
190b.jpg,1y2_7opYgdnJPigdNSC6lmK-74-zDz2Mz
190c.jpg,1E8DFy-kOr5AAIpeLE5ZgCVfR9WR5bU8s
190d.jpg,1ls3NWrmAQjdanzLLv_NB0YILR0PafJA_
190e.jpg,1dUJzBgKBJCxu_zv9jiDIdBIqoUOwoVqN
190f.jpg,1IETHNSj-1HI-CRRiyfZquZp5C3ijFByl
190g.jpg,1umH7tUy9vnm70LWm6f7afa9t7exv5m3A
190h.jpg,1bDpUZ_Gfrjn1vyuilJGo5nIzIzQNmhFC
190i.jpg,1SLxxR5K_ywrsNYbhJfDiEa5bKIA-QPA9
190j.jpg,1O-OCGwmfrI9Ea-fVgUGtULFEn1t6i0DT
191a.jpg,1nt94AtnTXtD_TwlphmYrNVZ2m-lghrRt
191b.jpg,1NZKiltrCcCbBGMtEhET1JoM9uKJoZhWt
191c.jpg,1hYMqaQyWmuyq1A0nhGJswGU0YIItNwWA
191d.jpg,1pN7dqIE1P8LzVM3wrP-Qf5a0wo2K7eNS
191e.jpg,1nt2o7ltys6JDncEyqxU4omeveSj5joYc
191f.jpg,1wPotGM9f1_yIHDVa3wWa3ly0swHuaS2I
191g.jpg,1H7ThSOjQs1Z8NBene0WgILFugf223Alc
191h.jpg,125LPA2JOywmlfnb9AxJZ0ayD-ca0ISdJ
191i.jpg,1xFB3DsHG2g6YussE5uHipxO062W9Ty_a
191j.jpg,1oNyfQvSweGtr0d33ebIy6QOV9VJxReql
192a.jpg,1YJ9nAQwNeFsMNPpyBOChwrCMHS-nc2sK
192b.jpg,1fhB9Y5aQncSphzTDkAXtwfzvZ6--jPox
192c.jpg,1U_VWyqFqhJ1r6vs0j6JY34fAL6HnSi3h
192d.jpg,1NHh9PW71tI4SYfUjliHcOa-s0qTh1Bo1
192e.jpg,19A2ola2HBtIf0BsKlE2ImU6gi0fAzqVR
192f.jpg,1phSgba7MbmRKxlXQxcyaHjkgMT3wC_xw
192g.jpg,1iy5C45EZlxgxtqFfNQRuHjYajo4c4BC5
192h.jpg,12vImhRFNJ5kVUmYbQFtmFAFvoQC-qMJZ
192i.jpg,1I_1-aG9VExwWP2U-749ETU8kuRXHqHkZ
192j.jpg,1pB9PQo3wZOSprAq3ifaW7N6A0sRfXaEB
192k.jpg,1FKOyDFjlqsAvBc1dnwv6K-dtBMXpvCSf
193a.jpg,19b06ZVvoSVTqWF4fK2bYUQ011-ZHP8mC
193b.jpg,1-LEkDtOX5Zu-Bg3DIzHF2vF2FXYCfxS6
193c.jpg,1T__UL061e2q8JN_ymzmoBxvTgWfm70kM
193d.jpg,1Aij82_j9KOUzie_sf4YMbdoYHIL1IOcR
193e.jpg,12C-KLTjUaoxkIvgpQDbtmx4G0-qXCLAj
193f.jpg,1FYipY1U0JcTKWG4EahFh38Nh2Li8DE1j
193g.jpg,1Oo1A_FGH9ZvcDw5iGotX47zz-YIH0Nea
193h.jpg,1THS0V5Lfkl79XRfGoYa7Fhn3Mt0CAwKX
193i.jpg,1yhsFdciSSJDpIblEFf3WWDyZjGoFpSJB
194a.jpg,10gFMP3ZUSWdbg3-smdu-FFuA91SrUat_
194b.jpg,1gvaDNrNxOHFF4-BW1HGqIYUM8aD6lzj8
194c.jpg,1Q2aKzqnFtWgbkGVr_oHHgV0fvVQUm3Hq
194d.jpg,1AxAz2osOyXv-JD-dmSaXP0YnZedKW1bh
194e.jpg,1CFqpNLbbw9sZ6Yr0d5meS4WojiDXDRpU
194f.jpg,1ZN5jPIVHjVBRuIpyf_IKdMbwRIfUH5pl
194g.jpg,1fLO31NhFppd6Jhjl5fakYXxbotmrcaWP
194h.jpg,1HzRb-JjR4DGC5VWbF7-cPrR6ROPqroeM
194i.jpg,1nq1VjBqIxly5Ep4ytZGOZhJS8h7ss6K4
195a.jpg,12-L4JUV-ZdV8nZh-a-nZ--PhwStqhSZe
195b.jpg,1vGwdjcuJCAQJWDSEgag5XWiPqO_nvnBW
195c.jpg,1ZQnRCVUS97Olt5TrJ2lfqjX_Ib8djz4h
195d.jpg,1cROUYF4-rWWwGxNznQfaT5P4LJE089ey
195e.jpg,1QMb26X3rnyU3N3V6HWz5PgDOzC56a_J8
195f.jpg,1_DhjHSxjSDIg6j41mXpWaag1FojINHww
195g.jpg,1AJo4K3l45PpJMLggCVU3Z_f9AEobbhYc
195h.jpg,1YxAw0prrHM1syOzt43BgG-r29pq7KgF6
195i.jpg,1sxcgWL41FzlbW58ZX0fezvdxftkwYAIS
195j.jpg,1VOWWmcEWCKHtOC-4AeRB5prVF9zKhmQf
196a.jpg,1kHsqlUb-WaQymh-ZzzYrhAvil8RFgLCv
196b.jpg,1fND7p5ctNPrf9jtlTFFCwwWMHaFlLwjz
196c.jpg,1qXsbVIEZG7fnQsZV7UkCaA9FC01guRFG
196d.jpg,1LIazkiZM8vo_670LP-OOD3tbgrLeioPy
196e.jpg,1UdU_XnTUeBQTO2w1FpA7ENmBOxeoSY0L
196f.jpg,15z972EpXI1X3JMFMdRuj3JeViRbLpL9a
196g.jpg,1Ixu4xQCuWNW3BiwynWCi94AojcFc5R6u
196h.jpg,1Pov3pwAKi1NJqwg8V-Syb9fr5IDALeDo
196i.jpg,1zXkQcXYYb1qFwvqvHFG_WPaY2PC_cg-j
197a.jpg,1b16rpvYKRBOfLAXOd2ZuPR5dRvEHDDsC
197b.jpg,1HmzBHsw2IAvU01wQj8YyCbTswZO-ER3F
197c.jpg,1chDH9C0foIpoHCfmc5Sop621EkR1IHLa
197d.jpg,146UJ74JqGTSgn4IGBYHXpKp5e4LYjgy9
197e.jpg,14VUwXYVGrNjNSbdGKzPX_20ZFHtk8na0
197f.jpg,1DNiMys1ToBpNggd9-R9yxef73iKpEvVC
197g.jpg,1RnZsXrZVhKTyXpySkqVgHMeSacCYWMyV
197h.jpg,18ycYxTKFawPR5-WxC8ib34YjKd1QV_Ao
197i.jpg,1g5qLrMjtJBuGcdGtl_OMA2e6BLMiTq-6
197j.jpg,1nW4QrDJx_WS21UWi4-hbOBo_jPucL3Ch
198a.jpg,17TqAiFoCX11rVwKFwUcbG_gy1UX8JYA_
198b.jpg,1oyd1_TkmnzYpL5lC-vQ4k-t2zKTIWqqP
198c.jpg,1qPnl5Ibah-Ee5cwqIpJXsiV4VRtQ1p4N
198d.jpg,1SxrIWYkjgFniwgenzpjqMEOjh-lAFZmP
198e.jpg,19w6Q46_VRTjP5VPRB-rwNAVaP4Y9lOYU
198f.jpg,1aDN9RXiypBhGUS2XZHmijXiN9XL-CAQY
198g.jpg,11DgRELXSw2iSebMgBux6dF7T_2dUFJPt
198h.jpg,1pbbRkCNKY8WEAqapshnB0MCLU87UV5bZ
198i.jpg,1D_u7xoXXCDhVybf-KFwaQG5lBXWFDtxS
199a.jpg,1s7U8DcNYL5Gu1sBoPuSzOQfqzS223Ksa
199b.jpg,1AgUHBG5sxziqkBJoBSRAZEOUP6mT8iUc
199c.jpg,17xZVTSYXPRyIiiZU248NLRA9mx1Eof1A
199d.jpg,1qql1q89t-hFh9GGMwH3oPXtaLMD_4JKB
199e.jpg,1mYHemP9PEByfedmizcTwvIQskuLwiHAY
199f.jpg,1lWdm_EetfziZVioKFOdlujkjrnDQPSVw
199g.jpg,1LLctyxdVAFRQAExX9KlOPWnjVPTqUJ0R
199h.jpg,1q0Eyb2cqP5yjIohfDfLVzgb3Z1i568KS
199i.jpg,1CfOcN2xN1g_WYEqKzkCmdhC1GWojYfkZ
199j.jpg,1cD5BDtYQO1UyvaxP3sg0fPQNPg_RkRyC
199k.jpg,1lxVupIB1vJlSZKN5pIrADjx4sDbjfqgN
200a.jpg,1PrNfXHi-l0zSJjLA63jYNhWjQgwCR-xZ
200b.jpg,1aTFy5y4zRwXgkYCZAZNDjOHd6I8I80_S
200c.jpg,1Z5u43oDSBQLEOY6z3uZGdlGCLdeqD0uU
200d.jpg,1CsgtVgX_f4pi6JTponXeLXGoi-HAgh-i
200e.jpg,1ZwxKStucJBRa8atIQQoqBg_GY8YlMBni
200f.jpg,1m5CE9TNQEPlJ7s1zP6z46AKmLTpztqGT
200g.jpg,1gXMdCZXncnRSxZLLLb2yChmZZiq9ExoS
200h.jpg,17ioZm_OxjtHU_WxSjQ61CFoMG79nMQrN
200i.jpg,1c49anE4NWX5TSy0_CsgAiKXOCsv_NqQV
200j.jpg,1QiucOrcrNr8vH1lrleCicvKLPxfHluYF
200k.jpg,1ySYPWSaQyQLNPSh-RjKUuPbWmaQgB86u
